Duration,ID,Consent,Gender,Age,Residency,Ethnicity,Sexuality,Vic_known,False_acc,Verdict,Likert_verdict,Confidence,Sentence,Credibility,Responsibility,Empathy,SA1,SA2,SA3,SA4,SA5,SA6,MT1,MT2,MT3,F1,MT4,MT5,MT6,NR1,NR2,NR3,NR4,NR5,F2,LI1,LI2,LI3,LI4,LI5,LI6,Condition
351,5ecfdf608202840701fe6502,1,2,28,28,1,1,0,1,1,7,100,4,7,1,5,1,1,1,1,1,1,4,1,1,6,1,1,1,1,1,1,1,1,7,1,1,1,1,1,1,Vignette(low)
725,5f903bb26fa6180a7e21d124,1,1,30,30,1,1,1,1,1,5,54,2,6,2,3,1,1,1,3,2,3,4,3,4,7,4,1,1,1,1,1,1,2,6,2,1,1,1,4,1,Vignette(high)
182,5f05cde2f4abed083dff3c8f,1,1,21,21,1,1,2,2,1,5,56,10,5,5,4,3,2,2,5,4,3,4,5,3,6,3,4,4,3,3,3,4,4,5,4,4,3,2,6,2,Vignette(high)
503,5ae44bea04f55d0001b77470,1,2,35,35,1,2,1,1,1,7,100,10,7,1,5,1,1,1,1,1,1,1,1,1,7,1,1,1,1,1,1,1,1,7,1,1,1,1,1,1,Vignette(high)
387,6008888c32a04d3dca5cb30e,1,2,20,20,1,2,1,1,1,6,82,7,6,1,5,1,1,1,1,2,1,1,1,1,6,1,1,1,1,1,1,1,1,7,1,1,1,1,1,1,Vignette(high)
327,5ff0683d3e41f7bf7897b155,1,2,32,32,1,1,1,1,1,7,90,5,7,1,5,1,1,1,1,1,1,1,1,1,7,1,1,1,1,1,1,1,1,7,1,1,1,1,1,1,Vignette(low)
633,5f594ed3fc808b1930e7b891,1,2,37,37,1,1,2,1,1,6,80,5,6,1,5,1,1,1,6,1,5,3,2,1,7,1,1,1,1,1,1,1,1,7,1,1,1,1,1,1,Vignette(high)
824,5bb7abf3c190e20001e5c2c8,1,1,65,65,1,1,2,3,0,6,100,0,6,5,5,1,1,1,1,2,5,6,6,6,7,6,1,1,1,1,1,1,1,4,4,5,5,4,5,4,Vignette(low)
364,5f078ad565f3b13b01cdc010,1,5,27,27,1,2,2,1,1,7,100,5,7,1,4,1,1,1,1,1,2,1,1,1,7,1,1,1,1,1,1,1,1,7,1,1,1,1,1,1,Vignette(high)
345,5f8ebc375fe9e604b5883297,1,2,38,38,1,1,2,1,1,6,76,9,6,5,5,1,1,1,2,1,2,1,2,1,7,2,1,1,1,1,1,1,1,7,1,1,1,1,1,1,Vignette(low)
367,5b914422d048770001c1d158,1,2,50,50,1,1,1,1,1,7,90,5,7,1,5,1,1,1,1,2,5,1,1,1,7,1,1,1,1,1,1,1,1,7,1,1,1,1,1,1,Vignette(high)
468,5bb3e443951bd40001f1e0fd,1,2,57,57,1,1,1,1,1,7,90,2,7,2,4,1,1,1,1,2,1,2,1,3,6,1,1,1,2,1,1,1,4,6,1,1,1,1,1,1,Vignette(low)
570,5f2b0ad2209c1b4ba545eb57,1,2,27,27,1,2,1,1,1,6,75,4,6,1,4,1,1,2,1,5,6,6,4,2,6,1,1,1,1,1,1,1,3,7,4,4,4,2,4,1,Vignette(high)
433,5c993969c6d15000019bbc4f,1,2,34,34,1,1,1,1,1,6,70,10,6,4,3,1,1,1,1,1,1,5,4,2,6,1,1,1,1,1,1,1,1,7,2,3,1,1,1,1,Vignette(low)
668,598993dbb78fa90001adfbf0,1,2,49,49,1,1,1,1,1,7,94,10,7,1,5,1,1,1,1,1,1,6,4,7,7,2,1,1,1,1,1,1,1,7,1,5,1,1,1,1,Vignette(low)
344,5eadb9ba99443b0a80211eaa,1,1,31,20,1,1,1,2,0,3,75,0,6,6,3,1,1,1,1,2,3,1,1,1,6,2,1,2,1,2,1,2,3,6,2,3,2,2,2,2,Vignette(high)
494,6038e81b67d4bc3135c47576,1,2,21,21,1,3,2,1,1,7,100,10,7,1,5,1,1,1,1,1,1,6,1,4,7,4,2,3,3,1,1,1,2,6,2,2,1,1,1,1,Vignette(high)
928,5bb5fa744b2c3a0001674b1e,1,1,38,38,1,1,2,1,0,2,25,0,3,6,2,3,1,2,2,2,1,1,3,2,6,3,2,1,2,1,1,1,3,5,5,5,5,3,5,4,Vignette(low)
745,59ccdd6b04185800017240f2,1,2,45,45,1,1,1,1,1,6,80,4,6,4,4,1,1,1,1,1,1,5,1,1,7,2,1,1,1,1,1,1,1,7,4,5,4,1,4,1,Vignette(high)
800,5f68c02bfe85b202e0f00cc7,1,1,54,54,1,1,2,1,0,5,60,1,3,2,3,3,3,1,5,5,6,5,5,6,4,3,3,3,2,3,1,1,5,6,5,5,5,4,6,3,Vignette(high)
793,5bfa91cf26e31d00010462ed,1,1,62,62,1,1,1,1,1,7,97,5,7,4,3,4,2,2,2,1,2,6,4,4,4,2,1,4,3,2,1,1,2,6,4,4,4,4,4,4,Vignette(low)
333,5ac77fbffa3b4e0001738741,1,2,38,38,1,1,2,1,1,7,92,1,7,1,5,1,1,1,1,1,1,7,3,7,7,4,2,2,1,1,1,1,1,4,1,1,1,1,1,1,Vignette(low)
519,5aa696af6219a30001c75d2a,1,2,40,40,2,1,2,1,0,5,42,4,4,5,2,3,1,1,3,1,5,6,5,5,5,5,2,1,1,1,1,1,1,7,2,4,4,4,4,3,Vignette(low)
440,5c63e773f9b6300001c9ce20,1,2,31,31,1,3,1,1,0,4,10,1,3,4,3,1,1,1,1,4,4,4,4,4,7,1,1,1,1,1,1,1,1,7,1,1,1,1,1,1,Vignette(high)
617,5f9845116c9fb60d906eb7c5,1,1,31,25,1,1,1,1,1,5,25,5,5,5,3,3,1,1,1,2,3,1,2,1,7,1,2,2,2,1,1,1,1,7,2,2,2,1,2,1,Vignette(low)
429,5f36b3370303960ad419ba9a,1,2,21,21,1,3,2,1,1,6,85,2,6,2,5,1,1,1,1,1,2,4,2,1,7,2,1,1,1,1,1,1,1,7,1,1,1,1,1,1,Vignette(high)
330,5d9a30ec9d2a700018869f02,1,2,24,24,1,1,2,1,1,6,83,6,7,1,4,1,1,1,1,1,2,3,3,3,7,2,1,1,1,1,1,1,3,7,3,4,2,1,2,1,Vignette(low)
331,56e17b428b1c33000b389d72,1,2,33,7,14,1,1,1,1,6,72,5,6,1,3,2,2,1,2,1,1,2,1,5,7,2,1,1,1,1,1,1,1,7,4,2,2,2,2,1,Vignette(high)
640,604c8c172f634056b6113e80,1,2,38,38,1,1,2,1,0,2,93,1,5,6,3,1,1,1,2,1,6,5,1,1,7,1,1,1,1,1,1,1,6,7,6,6,6,1,7,1,Vignette(low)
511,5effa70455b1f209ae25a233,1,1,20,20,1,4,2,2,1,6,79,5,6,3,5,1,1,1,1,1,1,1,1,1,7,1,1,1,1,1,1,1,1,7,1,1,1,1,1,1,Vignette(low)
369,5d907847efc0ee0014dc49c1,1,2,24,24,1,1,1,1,1,6,51,2,5,2,4,1,1,1,1,1,1,1,1,1,7,2,1,1,1,1,1,1,3,6,2,1,1,1,1,1,Vignette(low)
820,60148902e65e6f22e9bcc2e8,1,2,32,32,1,1,2,1,1,6,75,3,6,1,5,1,1,1,1,1,1,5,1,1,7,1,1,1,1,1,1,1,1,7,1,3,1,1,1,1,Vignette(high)
468,605137bf06f4c72abd73337c,1,1,38,38,1,1,2,1,1,6,82,2,7,1,5,1,1,1,1,1,2,2,2,2,7,2,2,2,2,1,1,1,1,7,1,1,1,1,1,1,Vignette(high)
399,5f2b17920440374df1b53250,1,2,26,26,1,1,3,1,1,7,70,7,6,1,5,1,1,1,1,1,2,1,1,1,7,1,1,1,1,1,1,1,1,7,5,5,3,1,1,1,Vignette(high)
273,5983b86106cd1f0001f8e283,1,2,41,41,1,1,1,1,1,6,50,1,6,1,3,1,1,1,1,1,1,4,2,1,1,2,1,1,1,1,1,1,2,7,2,2,2,1,1,1,Vignette(high)
460,5f846dd4e962ce0bf61b95fb,1,2,21,21,2,1,2,2,1,6,90,2,6,5,3,3,2,1,1,1,7,5,5,5,6,1,1,1,1,1,1,1,1,7,5,2,3,4,3,1,Vignette(low)
962,5f5878c94814133e402c8ea2,1,1,32,32,1,1,1,1,1,6,50,5,6,2,3,1,1,1,1,2,5,2,1,1,6,5,1,1,2,1,2,1,5,7,1,1,1,1,1,1,Vignette(low)
427,5f3146c0e8a9536043a627d4,1,2,47,47,1,1,1,1,0,6,10,5,7,2,5,1,1,1,1,1,1,1,1,1,7,1,1,1,1,1,1,1,1,7,1,1,1,1,1,1,Vignette(high)
698,5db2da318bc3c5000bda4286,1,2,22,22,1,2,0,1,0,2,80,0,3,3,3,1,1,2,2,1,5,1,1,1,5,1,1,2,2,1,2,1,3,3,2,5,1,2,3,1,Vignette(low)
366,5d5b9a34a69ee6000143803d,1,2,33,33,1,1,1,1,1,6,80,3,6,5,2,2,1,1,5,4,3,4,3,4,6,1,1,2,2,2,1,1,4,6,2,2,2,1,2,2,Vignette(low)
518,5e19a93785277923a40d757a,1,2,20,20,5,1,1,1,1,6,88,4,7,2,4,1,1,1,1,1,1,2,1,1,7,1,1,1,1,1,1,1,2,1,1,1,1,1,1,1,Vignette(low)
581,5d92791d8eaeee0765fa38e0,1,2,41,41,1,1,1,1,1,7,100,4,7,4,5,1,1,1,1,1,1,7,1,7,7,7,1,1,1,1,1,1,4,7,1,1,1,1,5,4,Vignette(low)
972,5c5c94104400770001372ce0,1,2,59,59,1,1,1,1,1,7,91,1,2,4,3,4,1,4,4,4,1,4,3,4,7,6,1,1,1,2,2,1,5,4,2,3,1,2,2,2,Vignette(high)
458,5bb75d5ab59bb60001009241,1,1,27,27,1,2,1,1,0,2,70,0,4,4,2,1,1,1,1,1,1,1,1,1,6,1,1,1,1,1,1,1,1,7,1,2,1,1,1,1,Vignette(low)
488,5f50c6c01f546c23deaf1ee0,1,2,25,25,1,1,2,1,1,7,91,3,6,1,5,1,1,1,1,1,1,6,1,4,7,1,1,1,1,1,1,1,1,7,1,1,1,1,1,1,Vignette(high)
428,5eac8a97456fbf2f9b1740cc,1,2,37,37,1,1,2,1,1,6,65,3,6,1,4,1,1,1,1,2,2,1,1,1,7,1,1,1,1,1,1,1,2,7,1,2,1,2,1,1,Vignette(low)
482,5f53b73f18bf9a6ed513ca61,1,1,22,22,1,1,1,1,1,6,70,5,5,4,4,4,2,2,3,5,4,3,5,3,6,2,2,2,3,3,2,1,3,4,4,5,4,3,4,3,Vignette(low)
535,59d2205f23b3e500018f5264,1,1,69,69,1,3,1,1,0,5,30,1,5,6,2,2,2,3,5,4,4,4,5,4,5,4,3,5,3,3,3,3,5,5,4,4,4,4,4,4,Vignette(low)
570,5e668ca253e13b3fa43cdc6b,1,2,31,12,1,1,1,1,1,6,90,3,6,1,4,1,1,1,1,1,1,1,1,4,7,1,1,1,1,1,1,1,2,7,2,2,1,1,1,1,Vignette(low)
277,5baf6364f1f9ba00013f7893,1,2,50,50,13,2,3,1,1,7,100,10,7,1,5,1,1,1,1,1,1,1,1,1,7,1,1,1,1,1,1,1,1,7,1,1,1,1,1,1,Vignette(low)
591,5bf530fe92ddb60001d02698,1,1,42,42,5,1,1,1,0,4,53,2,4,6,3,5,1,1,2,1,3,4,4,2,4,2,1,4,5,4,4,4,3,5,4,4,4,4,4,4,Vignette(high)
555,5ffd802005f02b2b5370277f,1,1,33,33,1,1,2,1,1,6,64,10,6,2,3,1,1,1,2,1,1,3,2,2,7,1,2,2,1,1,2,1,1,7,1,3,1,1,3,1,Vignette(high)
813,5fffdc05eb5d1805aa5f9e81,1,2,38,10,1,1,1,1,1,7,100,3,6,6,4,2,2,2,2,6,4,4,4,4,6,2,2,2,2,2,2,2,2,6,2,2,2,2,2,1,Vignette(low)
474,586e8212156b0100017864c2,1,2,38,38,1,1,1,1,1,7,90,5,7,1,5,1,1,1,1,1,1,1,1,1,7,1,1,1,1,1,1,1,1,7,1,1,1,1,1,1,Vignette(high)
498,5b2b65a57297750001c787be,1,1,22,22,1,1,1,1,1,6,90,2,6,4,3,1,1,1,5,1,7,6,4,5,7,1,1,1,1,1,1,1,3,5,7,6,6,2,4,1,Vignette(high)
383,5df3c016b633b52950e0a315,1,2,24,22,1,1,2,1,1,6,90,7,6,3,5,2,1,1,2,2,2,2,3,2,2,3,2,1,1,1,1,1,2,2,2,2,2,1,1,1,Vignette(low)
663,5cf12ddbf17e370017a278c5,1,2,23,23,1,1,1,1,1,6,80,1,6,6,5,1,1,1,1,1,1,6,5,4,7,1,1,1,1,1,1,1,1,6,1,2,1,1,1,1,Vignette(high)
396,60545769681c0da8424a4036,1,2,56,56,1,1,2,1,1,7,91,10,7,1,4,1,1,1,1,1,1,1,1,1,7,1,1,1,1,1,1,1,1,7,1,1,1,1,1,1,Vignette(low)
544,5f2d2f706422dc28a6dff0a3,1,2,34,34,1,1,1,1,0,6,10,1,6,5,4,1,1,1,5,1,1,7,1,7,7,2,1,1,1,1,1,1,1,7,1,7,1,1,1,1,Vignette(low)
408,5e6166db9aa9da065b08cb43,1,1,27,27,1,1,1,1,1,7,94,5,6,3,5,1,1,1,1,1,4,7,3,4,7,2,1,1,1,1,1,1,1,7,4,2,1,1,1,1,Vignette(low)
437,5eefd8d2fcd162168fd6697a,1,2,31,31,1,2,1,1,1,7,100,6,6,3,5,3,1,1,1,1,1,1,1,5,7,2,3,3,1,1,1,1,1,7,1,2,1,1,1,1,Vignette(high)
798,59576c11b42ee50001e8ee7a,1,2,37,19,1,1,2,1,1,7,100,10,7,1,4,1,1,1,1,1,4,1,1,1,7,1,1,1,1,1,1,1,1,7,2,2,1,1,5,1,Vignette(high)
712,603cecdcc6dd23b117e66532,1,2,22,22,6,1,2,1,1,6,80,10,6,2,4,1,1,1,1,3,1,5,2,4,7,3,1,1,1,1,1,1,5,7,2,1,4,1,4,1,Vignette(high)
803,5bbe05fc6322c500015ac016,1,2,46,45,1,1,0,1,1,6,50,3,6,4,4,2,1,1,1,1,2,1,1,5,7,1,1,1,4,2,1,1,2,7,2,1,2,1,4,1,Vignette(high)
664,5f022d91a43ac63b4a27c050,1,2,55,48,1,1,2,1,1,7,82,5,2,2,4,1,1,1,1,1,5,4,2,6,7,2,1,1,1,1,1,1,1,7,1,3,1,1,1,1,Vignette(low)
384,597f57ccfc90e000011c56fe,1,2,36,36,1,2,3,1,1,7,96,10,7,1,5,1,1,1,1,1,1,1,1,1,7,1,1,1,1,1,1,1,1,7,1,1,1,1,1,1,Vignette(low)
592,5c9a111a626e810018cda632,1,1,53,53,1,1,1,1,1,6,59,8,6,2,4,1,1,1,1,1,1,3,2,2,6,1,1,1,1,1,1,1,1,7,2,1,2,2,2,1,Vignette(high)
587,5b410bee1581c70001e8de95,1,2,21,21,1,3,3,1,1,6,78,1,6,5,4,2,1,1,1,1,1,5,5,4,6,5,1,1,1,1,1,1,2,6,3,1,1,1,1,1,Vignette(low)
533,59a7c4f0d4019800014cf4c4,1,2,55,55,1,1,1,1,1,6,75,10,6,3,4,1,1,1,1,1,2,1,2,1,6,1,1,1,1,1,1,1,1,6,4,3,3,3,5,2,Vignette(low)
727,5cc4a603c29170001583dd8b,1,2,42,42,1,1,2,1,0,3,61,0,5,4,2,2,1,1,1,5,5,1,2,1,6,5,1,1,1,1,1,1,5,7,5,5,5,2,6,2,Vignette(high)
998,5e57e67bb836e0000d222062,1,2,55,55,1,1,3,2,1,6,75,8,7,1,5,1,1,1,1,1,1,2,1,1,7,1,1,1,1,1,1,1,1,7,2,2,1,1,2,1,Vignette(low)
519,5d402ba19b264e001690ec88,1,2,28,28,1,1,0,1,1,6,78,5,6,1,5,1,1,1,1,1,1,2,1,1,7,1,1,1,1,1,1,1,1,7,1,2,1,1,1,1,Vignette(low)
617,5f08d55aede9071431f3148b,1,2,45,45,13,2,2,1,1,6,81,6,7,1,5,1,1,1,1,1,3,6,2,1,7,2,1,1,1,1,1,1,1,7,1,1,1,1,1,1,Vignette(high)
420,5f2c19ebab632e05959b1adf,1,2,43,43,1,1,2,1,1,7,100,10,7,1,5,1,1,1,1,1,1,1,2,1,7,1,1,1,1,1,1,1,1,7,2,2,2,2,2,1,Vignette(low)
938,5ff9ec0b50f066349d249b14,1,1,70,70,1,1,2,1,1,7,89,5,7,2,4,1,1,1,1,1,2,3,1,1,7,1,1,1,1,1,1,1,1,7,1,2,1,1,2,1,Vignette(low)
629,60202c6dd29de26088c573fc-,1,1,20,20,1,1,1,1,0,2,80,0,4,6,2,1,1,1,1,4,5,5,5,2,6,5,1,1,2,1,1,1,5,7,4,2,4,1,4,1,Vignette(high)
281,5f4e389555e3b9b30666d8cf,1,2,36,36,1,1,2,1,1,7,93,10,7,1,5,1,1,1,1,1,1,2,1,2,7,2,1,1,1,1,1,1,1,7,1,1,1,1,2,1,Vignette(low)
655,602c0fc2eff74b4748e9b41e,1,1,30,30,13,1,1,1,0,2,75,0,2,6,2,7,6,1,6,1,5,2,3,2,2,1,1,1,3,3,1,1,4,6,3,5,3,1,5,2,Vignette(high)
394,5ff8d4ed8acc7c17f6cfb534,1,2,23,23,1,1,3,1,1,7,97,4,7,1,5,1,1,1,1,1,1,6,5,5,7,2,1,1,1,1,1,1,1,7,1,1,1,1,1,1,Vignette(low)
625,5ea48c5dce86690524027bba,1,2,65,65,1,1,3,1,0,5,66,0,2,7,1,5,5,7,5,4,5,5,5,5,4,4,4,4,5,5,4,3,5,6,5,5,5,5,5,5,Vignette(high)
524,5ec83d67cfe53914464d2062,1,2,24,24,1,1,2,1,1,7,80,10,7,1,2,1,1,1,1,1,1,1,1,1,7,1,1,1,1,1,1,1,1,7,1,1,1,1,1,1,Vignette(low)
398,5e39769ea9cf94187e49eed5,1,2,31,31,1,1,1,1,0,5,67,0,6,3,4,2,1,1,1,2,5,1,5,4,7,5,1,1,1,1,1,1,1,6,4,1,1,1,1,1,Vignette(high)
388,5f74dd57565f72111cfeb8ba,1,2,39,39,1,1,2,1,1,6,41,5,6,2,4,2,1,1,2,1,6,7,6,4,7,5,1,2,1,1,1,1,2,7,1,1,2,1,5,1,Vignette(low)
406,601803d886fe24b06ddb77fc,1,1,19,14,4,1,1,3,1,6,40,4,6,2,4,1,1,1,1,1,5,5,5,4,6,3,4,5,2,1,2,1,5,5,5,5,5,2,3,1,Vignette(low)
617,5e3aa9e1764672000d62723d,1,2,38,38,1,1,1,1,1,7,100,5,7,2,4,1,1,1,1,2,2,6,3,1,7,7,6,2,1,1,1,1,2,7,5,6,5,3,5,1,Vignette(high)
667,5be742980bedce00010bcf31,1,1,37,37,1,1,1,1,1,6,72,3,7,1,5,1,1,1,1,1,1,2,1,1,7,1,1,1,2,1,1,1,1,7,1,2,1,1,1,1,Vignette(low)
660,5f3148c34206295ffc1ea0d7,1,2,26,25,1,1,3,1,1,6,85,5,7,1,5,1,1,1,1,1,1,5,1,3,7,2,1,1,1,1,1,1,2,6,1,1,1,1,1,1,Vignette(low)
379,5ce45c591bf7c90001505825,1,1,36,36,1,1,1,1,0,2,90,0,5,5,3,1,2,1,4,2,5,4,3,2,6,1,1,1,1,1,1,1,2,1,3,5,3,2,2,1,Vignette(high)
842,5988055f631d0c000149a5ac,1,1,35,35,1,1,2,1,1,6,70,10,6,4,4,1,1,1,1,1,1,1,1,1,6,4,1,1,4,1,1,1,1,6,1,2,1,1,3,1,Vignette(low)
684,5e977f778ffa480f96f70d64,1,2,56,56,1,1,1,1,0,4,100,2,4,4,4,1,1,1,1,5,6,4,2,1,7,5,4,1,1,1,1,1,2,7,2,3,2,3,4,1,Vignette(high)
357,603c0372960cdb965cb57653,1,1,20,21,4,1,1,1,1,6,65,6,6,6,5,2,1,2,6,2,3,3,1,3,7,1,1,2,1,1,1,1,2,7,2,2,2,1,4,1,Vignette(low)
790,5ff57775cc4a510008bedc74,1,1,22,22,1,3,3,1,1,6,72,2,6,5,3,1,1,1,1,2,5,7,6,6,7,5,1,1,1,1,1,1,1,7,1,1,1,1,1,1,Vignette(high)
385,5c239d6270d93a0001203c84,1,2,22,22,14,1,1,1,1,6,61,2,6,3,4,1,1,1,2,1,2,6,5,5,6,1,1,2,1,1,1,1,1,6,2,1,1,1,5,1,Vignette(low)
808,6050d69f74795a167210a99d,1,2,22,22,1,1,1,2,1,6,75,1,5,5,3,3,2,4,5,3,5,2,5,6,7,5,2,3,3,3,1,3,3,7,5,6,4,3,6,2,Vignette(low)
654,5c601465af8348000112626f,1,2,23,23,1,2,2,1,1,7,100,8,7,2,5,1,1,1,1,1,4,2,1,2,7,1,1,1,1,1,1,1,1,7,1,1,1,1,1,1,Vignette(high)
540,5d4adeb3080b2f001a3ed139,1,2,23,23,1,1,1,1,1,6,90,5,6,5,3,5,1,3,4,1,5,6,6,6,7,3,1,4,2,1,1,1,1,7,4,4,4,1,4,1,Vignette(high)
1027,5fd24c2bd73746099467df2e,1,2,39,39,1,1,1,2,1,5,61,5,5,1,2,1,1,1,2,1,3,1,1,1,7,1,1,1,2,1,1,1,1,7,1,1,1,1,5,1,Vignette(high)
263,5d7a098214f08f00164031a0,1,2,35,35,1,1,1,1,1,5,78,2,7,1,5,1,1,1,1,1,1,1,1,1,7,2,1,1,1,1,1,1,1,7,1,1,1,1,1,1,Vignette(low)
146,60477efa17b0fd278c084915,1,2,29,16,10,1,2,2,0,5,23,4,7,5,4,2,4,6,3,4,6,4,3,4,3,1,5,4,1,1,3,3,3,3,3,4,4,4,4,4,Vignette(high)
503,5edfd8872ec6382f20a1cd90,1,1,39,39,1,1,2,1,1,6,64,3,7,2,4,1,1,1,2,1,3,4,4,4,7,3,1,1,1,1,1,1,2,7,2,2,1,1,4,1,Vignette(low)
505,5ed6e7e219fa7f15e7a5937a,1,1,33,33,1,1,2,1,0,5,49,5,5,2,4,1,1,1,3,2,1,4,3,4,7,1,1,1,1,1,2,1,3,7,4,4,4,3,4,2,Vignette(low)
562,5bacd70669c3a700019a05a4,1,1,24,24,4,1,1,1,1,7,90,5,7,1,4,1,1,1,1,1,2,4,2,2,7,3,2,1,1,1,1,1,1,7,1,1,1,1,1,1,Vignette(low)
305,5a4b5dbbee927b0001e1f32f,1,2,40,40,2,3,1,1,1,7,81,10,7,7,5,1,1,1,1,1,1,1,1,1,7,1,1,1,1,1,1,1,1,7,1,1,1,1,1,1,Vignette(low)
425,601d0060dcf3a802c8b70ebe,1,2,25,25,1,1,1,1,1,6,95,10,7,1,5,1,1,1,1,1,2,4,1,1,7,1,1,1,1,1,1,1,1,7,1,1,1,1,1,1,Vignette(low)
562,5f1ffcf7eed8dd01d7ac91e4,1,1,24,24,1,1,1,1,1,6,87,4,7,2,4,1,2,1,2,3,5,4,2,1,4,1,1,2,5,1,1,1,2,7,4,4,3,3,4,2,Vignette(low)
605,5f316bcd6be94e000aeeaf49,1,1,21,21,5,1,1,1,1,6,63,1,5,5,4,3,1,1,1,2,3,3,5,2,5,3,3,2,1,1,1,1,2,5,3,2,3,2,4,1,Vignette(high)
517,6019d55de774df1acdfefc6a,1,2,57,57,1,1,1,1,1,6,60,2,6,1,4,1,1,1,1,4,1,4,1,1,7,1,1,6,1,1,1,1,1,7,4,4,3,1,4,2,Vignette(low)
1044,5f1df9a632a56a77cd79989d,1,2,38,38,1,1,1,1,0,5,50,2,4,5,2,1,2,1,2,4,5,4,5,7,5,3,1,1,1,1,1,1,4,7,4,4,4,4,4,1,Vignette(high)
851,5e15da8a805a30bcd2ed796d,1,1,26,4,1,1,1,1,1,7,80,10,6,1,5,1,1,1,1,2,1,5,1,1,7,3,1,1,1,1,1,1,1,7,1,2,1,1,1,1,Vignette(high)
360,604237588cd64b0799156044,1,2,19,19,1,1,1,1,1,6,70,6,6,1,5,1,1,1,1,1,2,4,1,4,7,2,1,1,1,1,1,1,1,7,1,1,1,1,1,1,Vignette(high)
910,5bb7a2f927fb5000013cb0e6,1,2,48,48,1,1,2,1,1,6,59,10,2,4,4,1,1,1,2,1,1,7,1,4,6,1,1,1,1,1,2,1,2,6,1,2,1,1,1,1,Vignette(high)
216,603e504e5efcd8e0d010bff2,1,2,27,27,1,1,1,1,1,6,88,8,6,1,5,1,1,1,1,1,1,3,3,2,7,1,1,1,1,1,1,1,1,7,1,2,1,1,1,1,Vignette(high)
409,5fbadc5fb1a235b6e97f0859,1,1,24,23,1,1,1,1,1,5,60,3,6,5,3,3,1,1,1,1,2,1,2,1,7,2,2,1,1,1,1,1,1,7,2,2,1,1,4,1,Vignette(high)
331,5bbb99166322c500015a4b51,1,2,34,34,5,1,1,1,1,6,65,6,6,6,1,1,1,1,1,1,1,2,1,1,7,1,1,1,1,1,4,1,1,7,1,1,2,1,2,1,Vignette(high)
424,6051ddc7c6f542bad07f7051,1,2,31,5,1,1,1,1,1,6,95,5,7,1,4,1,1,1,1,1,1,1,1,1,7,1,1,1,1,1,1,1,1,7,1,1,1,1,1,1,Vignette(high)
1218,5e9c17900ea62712f81d3cd8,1,2,68,68,1,1,1,2,0,3,61,2,5,5,2,2,2,1,5,4,5,5,4,3,5,6,2,2,1,1,1,1,2,7,4,4,4,2,4,4,Vignette(low)
721,53617d89fdf99b715bb0e2a8,1,4,27,27,1,5,2,2,1,7,90,0,7,1,5,1,1,1,1,1,2,1,1,1,7,1,1,1,1,1,1,1,1,7,1,1,1,1,1,1,Vignette(high)
465,5c91b64665bfea0011668a57,1,2,24,24,1,1,3,1,0,6,50,7,7,2,5,1,1,1,1,1,1,1,1,1,7,1,1,1,1,1,1,1,1,7,2,1,1,1,1,1,Vignette(high)
394,5f33f4ab33f06125fe8a3e0f,1,2,33,33,1,3,1,1,1,6,82,2,6,1,4,1,1,1,1,1,1,4,4,4,6,2,1,1,6,1,1,1,1,6,2,2,4,2,4,2,Vignette(low)
465,5fed2c2fe7fadbf90cfadc89,1,2,25,25,1,1,3,1,0,7,33,5,6,1,5,1,1,1,1,1,1,4,1,1,7,1,1,1,1,1,1,1,2,7,2,1,1,1,1,1,Vignette(low)
404,5c714e3c21beb1000181bc74,1,2,51,51,1,1,1,1,1,7,100,7,7,1,5,1,2,1,1,1,2,4,2,4,7,1,1,1,1,1,1,1,1,1,1,1,1,1,1,1,Vignette(low)
470,5ef63e2638b9f0303d5e4e72,1,1,36,11,5,1,1,1,1,5,57,5,6,6,3,4,4,5,3,4,4,4,5,2,4,3,4,3,4,5,3,5,3,4,4,3,4,4,4,2,Vignette(low)
1375,5cd1a7ddc47d7b0001443211,1,2,19,19,1,1,1,1,1,6,95,8,7,1,5,1,1,1,1,2,3,5,2,1,7,1,1,1,1,1,1,1,1,7,1,1,1,1,1,1,Vignette(high)
382,5fb2b3c273a93590c6d1fe54,1,1,33,33,13,1,2,1,1,6,51,1,6,6,3,5,1,1,5,1,6,4,5,4,3,1,1,5,2,1,1,1,2,6,5,5,5,2,5,4,Vignette(low)
1057,5b5d6507ba7ec90001fe85ff,1,2,28,28,1,1,1,1,0,4,50,0,3,5,3,5,1,2,4,2,3,4,4,4,7,5,1,2,1,1,2,1,2,7,5,3,5,2,4,3,Vignette(low)
646,5aad2266811b2000016f6bda,1,1,28,28,1,1,2,1,0,4,4,4,6,2,4,2,1,1,1,1,6,4,4,5,7,3,3,2,5,1,1,1,1,7,1,1,1,1,1,1,Vignette(high)
321,6053931556a489eb3643fa5c,1,2,21,21,1,1,2,1,1,7,80,10,6,1,5,1,1,1,1,1,1,2,1,1,7,1,1,1,1,1,1,1,1,7,1,1,1,1,1,1,Vignette(high)
574,6054954c92cb084f6ef88412,1,2,19,19,1,1,1,1,1,6,58,4,6,5,4,5,1,1,1,2,1,3,3,1,7,2,1,2,1,1,1,1,2,7,2,2,2,1,1,1,Vignette(low)
575,5ec1a76a903b335cae864ca8,1,1,34,34,1,1,1,1,0,6,25,0,6,2,4,1,1,1,1,1,2,6,2,2,6,1,1,1,1,1,1,1,1,7,1,1,1,1,1,1,Vignette(low)
638,5f9b4134135e3835067097fe,1,1,30,30,1,1,1,1,1,6,71,3,6,3,3,2,3,1,4,2,5,7,5,6,6,3,2,1,1,1,1,1,2,7,3,4,3,3,3,1,Vignette(high)
568,5b917dcc02a76000015c7a4e,1,2,27,27,13,2,1,1,1,7,98,4,7,2,5,1,1,1,1,1,1,2,1,1,7,1,1,1,1,1,1,1,1,7,1,1,1,1,1,1,Vignette(high)
528,5f1fe390def1ed00093b8d7c,1,2,33,33,1,1,3,1,1,7,100,4,7,1,5,1,1,1,1,1,1,1,1,1,7,1,1,1,1,1,1,1,1,7,1,1,1,1,1,1,Vignette(low)
637,5ddc4bd4238a91ba3d9af93c,1,2,21,21,1,5,1,1,1,7,90,3,6,1,4,1,1,1,1,2,2,3,3,5,5,1,1,1,1,1,1,1,1,7,1,1,1,1,1,1,Vignette(high)
437,5eac269892a88d06a212b30f,1,2,25,25,1,2,2,1,1,7,100,10,7,1,5,1,1,1,1,1,2,2,2,1,7,1,1,1,1,1,1,1,1,7,1,1,1,1,1,1,Vignette(low)
717,546e8bc6fdf99b2bc7ebd029,1,2,31,31,1,1,1,1,0,5,15,0,6,1,4,1,1,1,1,2,2,1,1,1,5,2,1,1,1,1,1,1,2,7,2,1,1,1,1,1,Vignette(low)
224,60267f9883e25930ddac4e5c,1,1,23,23,1,1,2,1,1,6,81,10,6,1,4,1,1,1,1,1,1,5,1,3,7,1,1,1,1,1,1,1,1,7,4,2,2,1,2,1,Vignette(low)
434,5c838a63532afd001506fd34,1,2,55,55,1,1,1,1,1,7,91,10,7,1,5,1,1,1,4,1,4,2,1,5,7,1,1,1,1,1,1,1,1,7,4,1,1,1,1,1,Vignette(high)
479,6018038e2b03b2ada7d2dc25,1,1,44,44,1,1,1,1,0,5,30,0,6,1,4,1,1,1,1,1,4,2,1,1,1,1,1,1,1,1,1,1,1,1,4,2,2,1,1,1,Vignette(high)
403,5d39270980ccd20015ac3ee0,1,2,53,53,1,1,1,1,1,7,100,10,7,1,5,5,1,1,1,1,1,4,4,1,7,1,1,1,1,1,1,1,1,7,5,1,1,1,1,1,Vignette(low)
495,5d2b1b658f2389001545018f,1,2,39,39,1,1,2,1,1,6,91,10,6,1,5,1,1,1,1,2,1,4,4,4,7,1,1,1,1,1,1,1,4,7,1,1,1,1,1,1,Vignette(low)
609,5d8e5e5fab10e2001b1e9f9f,1,2,29,6,13,1,1,1,1,7,100,10,7,1,5,1,1,1,1,1,1,4,1,2,7,1,1,1,1,1,1,1,1,7,1,1,1,1,1,1,Vignette(high)
902,5f18876f1096dd0804710dc0,1,2,32,32,1,1,2,1,0,5,100,0,2,6,1,1,1,1,1,1,4,6,5,6,7,5,1,1,1,1,1,1,5,5,6,6,6,4,6,1,Vignette(high)
687,60421c10eea596034b76d2b0,1,2,33,32,1,1,2,1,1,6,76,3,6,2,4,1,1,1,1,1,5,2,1,2,7,1,1,1,1,1,1,1,3,7,1,2,1,1,4,1,Vignette(high)
776,5f1b5eddc8514b195ccc602a,1,2,24,24,1,1,1,1,1,6,85,5,6,2,4,2,1,1,1,1,2,6,5,4,6,1,1,1,1,1,1,1,1,7,2,1,2,2,1,1,Vignette(low)
280,603533ded52494809545c91a,1,2,22,22,1,3,2,1,1,7,90,10,7,1,5,1,1,1,1,1,1,1,1,1,7,1,1,1,1,1,1,1,1,7,1,1,1,1,1,1,Vignette(high)
464,603bc7a0ae65108c2caf6ea8,1,2,44,44,1,1,1,1,0,4,86,0,4,4,3,1,1,1,1,1,1,5,4,5,5,5,1,3,1,2,1,1,4,7,3,3,1,1,1,2,Vignette(high)
572,5e1489c27855d3aa8c6b6959,1,2,24,24,1,1,1,1,0,4,21,0,5,5,3,5,2,1,6,1,6,7,7,7,7,6,1,1,1,1,1,1,2,6,4,6,5,2,4,2,Vignette(low)
633,5e852ca6fdad8f11511558a1,1,2,35,16,1,1,0,1,0,2,89,0,2,6,2,5,6,2,6,2,6,6,6,7,7,6,1,2,2,4,2,2,6,6,7,7,7,7,6,4,Vignette(high)
920,5ba60abd9629a90001b36fdc,1,1,47,47,1,1,1,1,0,4,50,0,4,4,2,5,5,5,5,2,6,4,4,4,4,3,3,7,4,2,2,1,5,7,6,7,5,3,5,1,Vignette(low)
246,5ef4fadcdff5d41398f96960,1,2,33,33,1,1,1,1,1,6,62,9,6,6,5,1,1,1,1,1,1,1,1,1,7,1,1,1,1,1,1,1,1,7,1,1,1,1,1,1,Vignette(low)
292,5fe110a22738afafb8109236,1,1,25,5,1,1,1,2,1,4,56,3,6,6,3,1,1,1,1,2,5,4,4,5,7,4,1,4,1,1,4,1,4,6,5,6,5,4,6,1,Vignette(high)
397,5d1fccc7475f3e0001e54407,1,2,20,20,5,1,2,1,1,7,100,10,7,1,5,1,1,1,1,1,1,5,1,1,7,1,1,1,1,1,1,1,1,7,1,1,1,1,1,1,Vignette(low)
793,5d9c87d77dafee0014016597,1,2,27,27,14,1,1,1,0,5,51,4,4,4,3,1,1,1,1,2,3,1,2,5,7,2,1,1,1,1,1,1,2,7,1,2,1,1,1,1,Vignette(low)
614,55cdc77f34e90600128d237f,1,2,35,35,1,2,1,1,0,2,79,0,2,6,2,5,1,3,2,2,5,3,3,2,6,5,5,5,3,3,2,2,6,6,5,5,5,2,5,2,Vignette(low)
429,5f89fbf842efeb08a2b08009,1,2,24,24,1,1,2,1,1,5,50,2,6,2,4,1,1,1,1,1,1,7,4,4,7,1,1,2,1,1,1,1,6,7,2,4,1,3,2,1,Vignette(low)
510,5f3d401bb4ff2b0796bd1ba6,1,5,22,22,1,2,2,1,1,7,91,5,7,1,5,1,1,1,1,1,1,2,2,1,7,2,1,1,1,1,1,1,1,7,4,2,1,1,4,1,Vignette(low)
418,5e4169766ac532000adb41b7,1,1,44,44,1,1,1,1,1,5,60,5,6,4,3,1,1,4,2,1,3,5,2,2,6,1,1,2,2,1,3,1,5,7,2,4,1,1,3,2,Vignette(high)
499,5ee134cf0fcb905099129575,1,2,27,27,1,1,1,1,0,3,40,0,5,6,3,3,3,2,2,2,2,4,4,4,6,4,2,3,2,2,1,1,2,7,2,4,2,2,2,1,Vignette(high)
584,5f6fb649d4da20577e29c9fa,1,1,37,37,1,1,1,1,0,3,75,0,3,5,2,4,2,5,2,1,5,5,5,4,7,3,2,4,2,1,1,1,1,5,4,5,3,4,4,4,Vignette(low)
685,5eff0a355074d50309495eb9,1,1,29,29,1,1,1,1,1,6,65,6,7,4,4,1,1,1,1,1,2,1,1,1,7,1,1,1,1,1,1,1,1,7,1,1,1,1,1,1,Vignette(low)
604,5f2b280ea50bc45370328ee3,1,2,21,20,5,1,1,1,1,6,62,8,6,1,4,1,1,1,1,2,3,4,3,3,7,1,2,3,1,1,1,1,1,7,1,1,1,1,1,1,Vignette(high)
482,5f132c9ad2d19d053de71d68,1,2,19,19,1,1,2,2,1,6,82,4,6,1,5,1,1,1,1,1,5,1,1,1,7,1,1,1,3,1,1,1,2,6,1,1,1,1,1,1,Vignette(high)
662,5dc860e9dcc83f5d2d85ec67,1,2,39,36,1,1,1,1,1,6,82,5,6,2,4,1,1,1,1,3,5,1,2,2,6,4,1,1,1,1,1,1,1,7,2,4,4,2,2,2,Vignette(high)
460,5b673490e89b0d0001a885e7,1,2,55,55,1,1,1,1,1,6,71,3,5,6,2,7,7,7,7,6,5,6,6,6,6,6,3,3,6,6,6,3,6,6,7,7,7,5,5,3,Vignette(low)
717,5f92fb66991d4406765bbd20,1,2,57,57,1,1,1,1,0,5,50,0,5,5,2,2,4,2,5,4,4,1,5,2,7,3,4,3,2,2,3,1,5,7,4,4,4,3,4,4,Vignette(high)
669,5e7a35b598efeb0009e185a0,1,2,30,30,1,,2,1,1,6,66,4,6,4,3,1,1,1,4,2,6,1,4,1,1,1,1,1,1,1,1,1,6,7,1,1,1,1,1,1,Vignette(high)
500,603ab46479e354693f1af6ed,1,2,19,19,1,1,2,1,1,7,95,10,7,7,5,1,1,1,1,1,1,2,1,1,7,1,1,1,1,1,1,1,1,7,2,2,2,1,2,1,Vignette(low)
481,5f402431044e5512bccd226e,1,2,37,37,1,1,1,1,1,7,100,5,7,1,5,1,1,1,1,1,5,5,1,2,7,1,1,1,1,1,1,1,5,7,1,2,1,1,4,1,Vignette(low)
711,5e1c70532bf95145ccc6393f,1,2,29,25,1,1,0,0,1,6,80,2,6,1,4,1,1,1,1,1,1,5,1,2,7,1,1,1,1,1,1,1,1,7,1,5,2,2,5,1,Vignette(low)
550,5cd707bb2e50c90017583e61,1,2,46,46,1,1,1,1,0,3,72,0,5,4,2,2,2,2,2,2,2,2,3,2,4,2,2,2,2,2,2,2,2,7,4,4,4,3,4,2,Vignette(high)
757,5eb3073acf91cc0dc61d782f,1,2,57,57,1,1,1,1,1,7,91,1,7,6,2,5,2,2,6,5,5,6,5,7,6,6,2,2,1,1,1,1,6,7,2,2,2,1,5,1,Vignette(high)
129,60171a55d007c62309d1ae4f,1,1,27,6,4,1,1,1,0,5,40,3,6,4,3,1,1,1,1,1,4,5,3,5,6,4,1,1,1,1,1,1,1,1,2,2,2,2,2,1,Vignette(high)
801,5d88be3eddc36f0018f6223f,1,2,43,14,1,1,1,1,1,6,90,5,6,6,4,6,3,1,4,1,4,6,6,6,7,4,1,1,4,1,1,1,4,6,4,5,4,3,4,4,Vignette(low)
718,5f39a2fd2d394917284dd66f,1,2,51,30,1,1,1,1,1,6,80,10,7,1,5,1,1,1,1,1,1,7,6,4,7,2,1,1,1,1,1,1,1,7,1,1,1,1,1,1,Vignette(high)
431,5d70443e6f0a380017545335,1,2,36,36,1,1,3,1,1,6,72,2,6,4,4,4,4,1,6,2,5,6,7,7,7,7,2,1,1,1,1,1,6,7,1,2,4,1,3,1,Vignette(low)
361,58ee927dedbd82000169ad2d,1,2,34,34,14,2,3,1,1,6,63,3,6,1,4,1,1,1,1,1,1,2,2,2,7,2,2,2,1,1,1,1,1,7,1,1,1,1,1,1,Vignette(high)
580,603d31d5fbf463be131a6e60,1,2,23,23,1,2,2,1,1,6,80,2,6,2,4,1,1,1,1,1,1,4,2,2,7,1,1,1,1,1,1,1,1,7,1,1,1,1,1,1,Vignette(low)
1189,5be5e0085b7ff700013bce91,1,2,22,22,10,1,1,1,1,6,85,3,7,2,3,1,1,1,1,1,1,2,2,1,7,1,1,1,1,1,1,1,1,7,1,1,1,1,1,1,Vignette(low)
524,5fa5d782971cf41901c38130,1,2,23,18,10,1,1,1,1,7,90,1,6,1,5,1,1,1,1,1,5,1,1,4,7,2,1,4,1,1,1,1,6,6,4,2,4,1,1,1,Vignette(low)
361,5e962fbeb9c2c80a13e14fc6,1,2,29,29,1,1,2,1,1,6,78,5,6,2,4,4,1,1,4,1,1,1,1,1,7,1,1,1,1,1,1,1,1,7,4,2,4,1,1,1,Vignette(low)
480,6047a75fb0f5940008f35cc5,1,2,57,57,1,1,1,1,0,5,30,1,2,6,3,1,1,2,1,6,1,1,3,2,6,2,1,1,1,2,1,1,5,7,3,4,3,2,2,1,Vignette(high)
552,5eaf314f7655c461c68edb56,1,2,33,33,1,1,1,1,0,3,70,10,4,5,2,2,2,2,3,3,3,6,6,4,6,5,2,3,3,3,3,2,6,6,4,4,4,5,5,4,Vignette(high)
871,5fa95743d9bec70a191a05a8,1,1,32,32,1,1,1,1,0,5,50,3,6,1,5,1,1,1,4,1,1,3,5,4,7,4,5,1,1,1,1,1,2,4,2,2,1,1,1,1,Vignette(high)
605,5d2b11ac3a260c001af2d338,1,1,65,65,1,1,1,1,1,7,90,8,7,1,5,1,1,1,1,1,1,2,1,2,7,1,1,1,1,1,1,1,1,7,2,1,2,1,4,1,Vignette(high)
345,5a4996b835c9d50001fdcdbf,1,2,39,39,1,1,1,1,1,5,51,10,6,6,4,1,1,1,1,1,1,4,1,4,7,1,1,1,1,1,1,1,1,7,4,4,4,1,1,1,Vignette(low)
252,5d6d953846ef42001504fb39,1,2,28,28,1,1,2,2,1,6,89,6,6,4,5,1,1,1,1,2,1,1,1,1,7,2,1,1,1,1,1,1,1,7,2,1,1,1,2,1,Vignette(low)
656,5713cc324cfd6f0009aa7329,1,2,51,51,1,1,2,1,0,4,52,2,4,4,2,3,1,1,1,4,4,2,3,2,6,2,1,1,1,1,1,1,1,7,2,2,2,2,2,1,Vignette(low)
590,5aacc853fb22320001ba9516,1,2,48,48,1,1,1,1,1,6,63,10,6,2,4,1,1,1,1,1,1,7,4,4,7,1,1,1,1,1,1,1,1,7,1,1,1,1,1,1,Vignette(high)
398,592d7f5bd0003800018f3157,1,2,28,28,1,1,2,1,1,6,70,8,6,2,4,2,1,1,1,2,1,5,2,1,7,3,1,1,1,1,1,1,3,7,1,1,1,1,1,1,Vignette(high)
649,5bfc0eb58422770001d9b668,1,2,37,37,1,2,1,1,1,7,100,10,7,1,5,1,1,1,1,1,1,7,1,7,7,1,1,1,1,1,1,1,1,7,1,1,1,1,1,1,Vignette(high)
491,5f6b5c93e883f702cefa0410,1,2,26,22,1,4,1,1,1,6,90,3,7,1,5,1,1,1,1,1,1,1,1,1,7,4,1,1,1,1,1,1,1,7,2,2,1,1,1,1,Vignette(low)
647,5d4d67b71dd4670001b388b2,1,2,31,31,1,1,1,1,1,7,100,10,7,1,3,1,1,1,1,1,1,4,4,4,7,1,1,1,5,1,1,1,6,7,3,5,2,1,5,1,Vignette(low)
701,5c94e72728920c0001b56732,1,1,48,48,1,1,1,1,1,7,100,8,7,1,5,1,1,1,5,2,1,6,2,6,7,2,1,1,1,1,1,1,1,7,2,2,1,1,1,1,Vignette(high)
381,5af2f9d5dd84460001c1dd2a,1,2,40,40,1,2,1,1,1,7,100,10,6,1,3,2,2,1,2,2,1,1,1,1,7,1,1,1,1,1,1,1,2,7,2,2,1,1,2,1,Vignette(low)
732,5b704c7f4ee52200010f68b0,1,2,51,51,1,1,1,1,1,7,90,7,7,1,4,1,1,1,1,1,1,5,5,4,7,2,1,1,1,1,1,1,2,7,2,4,2,2,4,1,Vignette(high)
556,5754420617f79f0007fbcd4a,1,1,26,26,1,3,2,1,0,5,60,7,6,1,4,1,1,1,1,1,2,2,1,2,7,1,1,1,1,1,1,1,1,7,1,1,1,1,1,1,Vignette(high)
385,5f3fd98580f4de088ecfda45,1,2,31,31,1,1,2,1,1,6,80,5,7,4,3,1,1,1,1,1,1,1,1,1,7,1,1,1,1,1,1,1,1,7,1,1,1,1,1,1,Vignette(low)
509,5e886b509c60bc4e238ca556,1,2,24,24,1,1,2,1,1,6,80,10,7,1,5,1,1,1,1,1,1,1,1,1,7,1,1,1,1,1,1,1,1,6,1,1,1,1,1,1,Vignette(low)
82,5d837955f1038a001f8d4ed6,1,1,34,34,1,1,1,1,1,6,68,10,6,6,4,5,5,5,5,5,5,5,5,5,5,3,5,4,5,4,5,5,5,5,5,4,5,5,4,4,Vignette(high)
771,5db767dfdda62c000caa2a95,1,1,40,40,1,1,2,2,0,3,70,0,3,5,2,1,3,1,3,2,5,6,5,1,7,1,1,1,1,1,1,1,2,7,5,6,5,4,2,4,Vignette(high)
278,5983a25d413c230001292ac9,1,2,43,43,1,1,3,1,0,2,85,0,5,2,3,1,1,1,1,1,4,5,5,1,7,5,4,2,3,1,1,1,1,7,4,6,3,1,7,2,Vignette(low)
735,5b27c9ec369dbc000171d7db,1,2,33,33,1,1,0,0,1,6,90,5,6,4,4,2,1,2,4,1,5,4,4,4,7,5,2,2,1,1,1,1,1,7,1,2,1,1,4,1,Vignette(low)
766,5ee60e6af4d9c0366af53a7f,1,1,33,33,1,1,1,1,1,6,75,8,6,5,4,3,1,4,5,4,4,6,4,4,7,1,1,4,1,1,1,1,1,7,5,5,5,5,5,3,Vignette(low)
476,5eb0858a6645cd139dacdb3f,1,2,33,33,1,1,3,1,1,7,100,10,7,1,5,1,1,1,1,1,5,5,5,4,7,4,1,1,1,1,1,1,1,7,3,2,2,1,3,1,Vignette(low)
661,5e53b07f83c96c3ad4f34751,1,1,48,48,1,1,2,1,1,5,60,5,6,5,3,3,1,1,4,1,2,4,2,1,6,3,1,1,1,1,2,1,1,6,4,4,4,4,4,2,Vignette(low)
441,5de137e1c0049d18b0d16759,1,1,21,21,1,1,1,1,0,4,50,5,4,4,4,1,1,1,1,1,2,6,4,5,7,2,1,1,1,1,1,1,3,7,2,2,2,1,1,1,Vignette(low)
557,5dc44b73900e3e31ef1e3294,1,2,21,21,1,1,2,1,1,7,100,5,7,1,5,1,1,1,1,1,1,3,1,2,7,1,1,3,1,1,1,1,2,7,1,1,1,1,1,1,Vignette(high)
423,59f5d30807e3780001ccd44b,1,2,41,41,1,1,2,1,1,6,61,4,5,5,3,1,1,1,1,1,5,6,6,1,7,1,1,1,1,1,1,1,2,7,2,1,4,2,2,1,Vignette(low)
350,5decf59cca37283b0bf4d630,1,1,27,27,1,2,1,1,1,5,20,1,5,5,3,1,1,1,1,1,5,5,7,5,7,1,5,1,1,1,1,1,5,7,3,1,2,2,5,1,Vignette(low)
744,6004457ba1789155ded7a209,1,1,45,45,1,1,1,1,1,7,82,5,7,1,5,1,1,1,5,1,5,7,1,7,7,1,1,1,1,1,1,1,7,7,4,1,5,1,1,4,Vignette(high)
897,5fb6a7d5e6359309c20a5c74,1,2,74,74,1,2,1,1,1,7,71,2,6,1,3,6,4,1,4,7,4,3,2,1,7,1,1,1,1,1,1,1,1,7,2,1,1,1,2,1,Vignette(high)
722,602bc2c14634b2374184bc74,1,1,33,33,1,1,1,1,0,2,80,0,4,6,2,1,5,1,7,2,7,4,1,1,2,1,1,1,1,1,1,1,6,2,4,5,5,2,4,3,Vignette(low)
756,5dfb7093cf2809000babc214,1,2,24,24,1,1,3,2,1,6,92,2,6,2,4,1,1,1,2,1,3,6,2,4,7,2,1,1,1,1,1,1,1,7,2,1,1,1,2,1,Vignette(low)
600,5c8acd990e37fb0001006bdf,1,2,39,39,1,1,2,1,1,7,100,10,7,1,5,1,1,1,1,1,1,1,1,1,1,1,1,1,1,1,1,1,1,7,1,1,1,1,1,1,Vignette(high)
698,5d67a2bf6cd320001a36cb6b,1,1,64,64,1,1,1,1,0,6,31,10,2,2,4,1,1,1,1,1,1,7,6,7,7,5,1,1,1,1,1,1,1,7,1,1,1,1,1,1,Vignette(high)
509,5c472ac67379d8000112983d,1,2,64,64,1,1,1,1,1,7,87,5,7,1,4,1,1,1,1,1,1,1,1,1,7,1,1,1,1,1,1,1,1,7,1,1,1,1,1,1,Vignette(low)
961,5c83c95d4c266300156edc00,1,2,52,52,1,1,1,1,0,1,91,0,2,7,3,5,6,5,6,6,3,4,3,6,7,3,2,5,3,5,6,2,7,7,6,6,5,5,5,4,Vignette(high)
568,5c2e33e751dcf20001b3204d,1,2,32,32,1,1,1,1,0,4,50,0,4,5,3,1,1,2,1,4,4,3,2,4,7,3,1,1,1,1,1,1,4,7,2,3,1,1,1,1,Vignette(high)
491,5fad6d3b3595cd0a257038b5,1,2,22,22,13,1,2,1,1,6,100,10,6,1,4,1,1,1,1,4,5,4,5,4,5,1,1,1,1,1,1,1,1,7,2,2,2,2,1,1,Vignette(high)
381,5d74cb66869c8f0017b352cb,1,2,19,19,1,2,2,1,1,6,70,10,6,5,5,2,1,1,1,1,3,6,1,4,7,4,2,3,1,1,1,1,1,7,1,1,1,1,1,1,Vignette(low)
1073,592037296b34af0001e3ec56,1,2,35,5,5,1,2,2,1,6,95,3,6,2,4,7,2,2,2,6,6,7,6,7,7,1,5,3,5,1,1,1,1,7,1,4,3,2,1,1,Vignette(high)
453,6037bfe2b3152f08804c8001,1,2,22,22,1,1,1,1,0,6,100,0,6,2,4,1,1,1,2,2,3,6,5,5,7,5,1,1,1,1,1,1,1,7,4,2,3,1,4,2,Vignette(high)
804,5ea040e6e6f4f905bf599724,1,2,49,49,1,1,1,1,1,6,66,3,6,4,4,1,1,1,1,1,1,1,1,1,7,1,1,1,1,1,1,1,1,7,1,1,1,1,1,1,Vignette(low)
395,5ea0c2b2d1a9320c004f2969,1,2,50,50,1,1,1,2,0,2,70,0,3,6,2,5,1,2,1,5,5,7,6,7,7,6,4,3,3,5,3,1,6,7,6,7,6,6,6,6,Vignette(high)
472,5d404c6a584cc80017e81001,1,2,57,57,1,1,1,1,1,7,100,10,7,1,5,1,1,1,1,1,1,1,1,1,7,1,1,1,1,1,1,1,1,7,2,2,2,1,2,1,Vignette(high)
528,5e7f24aeb706bb5de42da567,1,1,21,21,1,1,1,1,1,6,60,8,5,2,4,1,2,1,1,2,2,1,1,1,7,5,2,2,1,1,1,1,2,7,2,2,2,1,1,1,Vignette(high)
893,5ee918138ebaec11a52bb459,1,1,47,47,1,1,1,1,0,2,100,0,3,6,2,1,1,1,2,1,6,6,4,7,7,1,1,1,1,1,1,1,1,7,4,4,4,4,4,1,Vignette(low)
510,5c582f95caffa2000175bc72,1,2,34,34,1,1,1,1,1,5,17,0,5,3,3,2,1,1,1,4,2,4,3,3,7,4,1,2,1,1,1,1,4,7,3,2,2,2,4,2,Vignette(high)
1040,5ea83ba8583191083c50f947,1,1,68,68,1,1,1,1,0,1,90,0,2,6,1,3,3,1,5,6,2,6,6,7,7,1,1,1,6,1,1,1,2,7,5,5,5,4,5,2,Vignette(low)
581,5e8dc6bc28369e029ed35df8,1,1,47,47,1,1,2,1,0,4,51,0,4,4,2,1,1,1,4,1,1,1,1,1,4,1,1,1,2,2,1,1,1,7,4,4,4,4,4,4,Vignette(low)
621,595e7974af78da0001a21c3a,1,2,45,21,1,1,2,1,0,3,30,2,5,4,3,1,1,3,4,1,3,5,3,2,7,2,1,1,1,1,1,1,2,7,2,2,1,1,1,1,Vignette(low)
504,5ecdc457c4b241140ab35e2b,1,2,19,19,13,1,1,1,1,6,70,2,6,2,4,1,1,1,1,3,3,5,5,2,7,3,1,1,2,2,1,1,2,6,1,1,1,1,2,1,Vignette(low)
1011,5e6791d69745870313b545ec,1,1,38,20,6,1,1,2,0,5,50,0,4,5,2,1,1,1,1,5,5,5,4,4,7,4,1,1,1,1,1,1,4,6,5,5,5,4,5,2,Vignette(low)
573,5f1022d3400b4d0253a83177,1,1,30,30,3,2,1,1,0,6,20,0,6,4,4,1,1,1,1,1,6,2,4,2,6,5,2,1,1,1,1,1,1,7,3,3,3,1,5,1,Vignette(low)
587,5cc747f20e1199001a73462e,1,2,38,38,1,2,1,1,1,7,80,3,7,1,3,1,1,1,1,1,5,1,1,1,7,5,1,1,1,1,1,1,4,7,1,1,1,1,1,1,Vignette(high)
426,5d4889c6643eb80001fb3f5f,1,2,37,37,1,1,1,1,1,7,85,10,7,1,5,1,1,1,1,1,3,4,1,4,6,1,1,1,1,1,1,1,6,7,2,3,2,1,2,1,Vignette(low)
506,6031c10910c7c117d7fd869f,1,2,27,27,1,1,3,1,0,4,50,0,4,6,3,2,1,1,1,3,1,2,1,1,7,1,1,1,1,1,1,1,1,3,4,4,4,4,4,1,Vignette(low)
842,59d3ef2c078dbe000195117f,1,2,46,20,1,1,1,1,0,2,80,0,5,3,4,1,1,1,1,1,6,1,5,1,6,1,1,1,5,4,1,1,6,7,2,4,2,1,1,1,Vignette(high)
545,59b577e309494b0001313c6f,1,1,65,65,1,1,1,1,1,6,80,3,6,4,4,5,1,2,2,1,1,1,1,1,7,1,1,1,1,1,1,1,1,6,1,1,2,2,2,1,Vignette(high)
668,5d51cbfb2668200001feae69,1,2,34,34,1,1,1,1,1,6,90,4,7,2,5,1,1,1,1,1,4,5,1,2,6,1,1,1,1,1,2,1,3,7,1,1,1,1,1,1,Vignette(low)
777,5e41723aade7c2000b4c14f8,1,1,34,34,1,1,1,1,0,6,50,0,7,1,5,1,1,1,1,1,2,6,1,1,7,1,1,1,1,1,1,1,1,7,1,1,2,1,3,1,Vignette(high)
425,5e66a61aed17a90318af3adb,1,1,35,35,1,1,1,1,0,3,70,0,6,5,2,1,1,1,1,1,5,2,2,1,5,1,1,1,1,1,1,1,1,2,1,1,1,1,2,2,Vignette(high)
770,5b101257d282ff00015bdadb,1,2,54,54,1,1,1,1,0,3,60,0,5,4,3,1,1,1,4,1,2,4,4,1,7,2,1,4,1,1,1,1,4,7,1,1,1,1,1,1,Vignette(low)
634,5bad01517e61b90001d36181,1,1,44,44,1,1,1,2,0,2,60,0,5,5,4,3,1,1,2,2,5,6,5,5,7,5,1,4,1,1,1,1,5,7,4,5,5,4,5,4,Vignette(high)
1275,5e5fc1d84985132fcea17f1a,1,1,20,20,1,2,2,2,0,5,10,0,4,4,3,3,1,1,4,4,5,5,2,2,7,1,1,1,1,2,1,4,4,4,4,4,4,4,4,1,Vignette(high)
827,5e933bbce6812e6768a81eb9,1,1,25,25,1,1,1,1,1,6,79,10,6,5,4,5,6,2,5,1,5,5,6,7,7,4,6,5,4,4,2,1,3,7,3,5,5,2,3,1,Vignette(high)
1121,5f590f0a7fa1480fc4892c34,1,2,52,52,1,1,1,1,1,6,71,1,6,5,3,1,1,1,1,6,4,7,6,7,7,4,1,1,1,1,1,1,1,7,4,5,5,1,2,4,Vignette(high)
630,5d7874252f037f0016637125,1,2,72,72,1,1,1,2,0,5,90,0,5,6,3,1,1,1,1,2,6,2,4,2,4,1,1,1,1,1,1,1,5,7,2,2,2,1,2,3,Vignette(high)
715,5e1b2dea8b90cb3502480bc9,1,2,33,33,1,1,1,1,1,7,82,8,7,1,5,1,1,1,1,1,1,1,1,1,7,1,1,1,1,1,1,1,1,5,1,1,1,1,1,1,Vignette(low)
1001,5f6f4710cd11204b5eaee616,1,2,52,52,1,1,1,1,1,7,100,7,7,3,5,1,1,1,7,7,6,1,2,1,1,3,6,4,1,4,1,1,4,1,4,4,2,1,4,1,Vignette(high)
582,5bd30d709afb5b00015bff4f,1,1,20,20,3,2,1,1,1,6,80,8,6,2,2,1,1,1,3,3,2,6,4,6,6,3,1,1,1,1,1,1,1,6,2,2,1,2,1,1,Vignette(low)
735,5e8d8435bfdc8700083fb7ba,1,1,53,53,1,1,1,1,0,4,50,0,5,4,3,1,1,1,5,4,4,1,4,1,7,3,1,1,1,1,1,1,2,7,5,4,4,4,4,4,Vignette(low)
612,5ea03a3b7f57130564707c64,1,2,27,27,1,1,0,1,1,6,80,5,6,4,4,1,1,1,1,1,1,4,1,4,7,4,1,1,1,1,1,1,1,6,4,1,1,1,1,1,Vignette(high)
540,5d31c201c88f0e001a4c3cb3,1,1,59,59,1,1,1,1,1,6,75,2,6,5,4,1,1,1,1,1,5,2,4,2,4,1,1,1,1,1,1,1,1,7,3,2,2,1,5,2,Vignette(high)
767,5f4147a3be49c22cc1e45540,1,1,24,24,1,2,2,1,1,6,80,5,6,1,5,1,1,1,1,1,1,2,1,1,7,6,1,1,1,1,1,1,1,7,1,1,1,1,1,1,Vignette(low)
720,5c58a9908f34eb0001574867,1,1,36,16,1,1,1,1,1,6,80,3,6,7,3,2,1,1,1,1,1,1,1,1,7,1,1,2,1,1,1,1,1,7,4,7,6,1,1,1,Vignette(low)
941,5e63adfb9ab3e612a6913e14,1,1,42,42,1,1,1,1,1,7,85,3,7,2,5,1,1,1,1,1,2,1,1,1,7,1,1,1,1,1,1,1,1,7,1,1,1,1,1,1,Vignette(low)
651,5ced66139b5b490001b688ed,1,2,45,45,1,1,2,1,0,5,30,1,5,4,3,5,1,1,1,1,1,1,1,1,5,5,4,2,1,1,1,1,1,7,1,1,1,1,1,1,Vignette(high)
505,5db09b3a9611830016dd495b,1,5,34,34,1,4,3,1,1,6,85,10,6,1,5,1,1,1,1,1,1,1,1,1,7,1,1,1,1,1,1,1,1,7,2,1,1,1,1,1,Vignette(high)
720,5fa8603ba9a9c56e60b79ad2,1,1,35,35,1,1,1,1,1,7,90,2,7,1,5,1,1,1,1,1,1,1,1,1,7,1,1,1,1,1,1,1,4,7,1,1,1,1,1,1,Vignette(high)
560,5fb283bb2be93b86a58a55b8,1,1,29,29,1,1,1,1,1,6,50,5,6,5,4,3,1,3,1,1,3,1,1,1,7,1,1,1,1,1,1,1,1,7,2,3,2,1,1,1,Vignette(low)
550,5bcdcec677740000016ad642,1,1,48,48,1,1,2,2,1,5,35,2,6,2,3,1,1,1,1,2,4,4,2,4,7,4,2,2,2,1,2,1,1,7,2,5,2,1,2,1,Vignette(high)
892,5eacbac605ff78342ea4d826,1,2,25,18,13,1,1,1,1,7,99,10,6,1,4,1,1,1,1,1,1,1,2,1,7,1,1,1,1,1,1,1,1,7,3,5,4,4,4,1,Vignette(low)
406,5b17e84168a5ed00017337bf,1,1,23,23,1,1,1,1,1,7,90,10,7,1,5,1,1,1,1,1,1,3,2,2,7,2,1,1,1,1,1,1,1,7,1,1,1,1,1,1,Vignette(low)
657,5c922b55cae9fe0017e7dd1a,1,2,48,48,1,1,1,1,0,4,71,0,4,6,3,1,1,1,1,1,5,2,5,2,6,1,1,1,3,1,1,1,1,6,4,4,2,1,1,1,Vignette(high)
650,5e5a10ea43f33020b7e24fe0,1,2,37,37,1,1,3,1,1,6,90,3,7,5,5,5,1,1,1,1,1,4,6,4,6,3,1,1,1,1,1,1,3,6,1,1,1,1,2,1,Vignette(high)
838,5f6412250587d9196a3a1573,1,2,23,23,5,1,3,1,1,6,95,4,6,1,5,1,1,1,1,1,1,1,1,1,6,1,1,4,1,1,1,1,2,7,1,1,1,1,1,1,Vignette(high)
375,60523aeabf16c15efe045f07,1,1,20,20,7,1,2,1,1,6,89,5,6,1,5,1,1,1,1,1,1,4,5,3,7,2,2,1,1,1,1,1,1,7,1,1,1,1,1,1,Vignette(low)
1239,5c5065d7c150bc0001ff28a0,1,2,46,46,1,1,1,1,1,6,70,1,6,1,4,1,1,1,1,1,3,6,1,2,1,2,2,1,1,1,1,1,3,1,1,1,1,1,1,1,Vignette(high)
473,5c18c9b116e70d0001935e4c,1,2,27,27,1,1,1,1,1,6,80,10,6,1,4,1,1,1,1,1,2,7,1,2,7,1,1,1,1,1,1,1,1,7,1,4,1,1,1,1,Vignette(low)
1138,5d970570524a350017e95a2e,1,2,59,15,1,1,2,1,1,7,97,5,7,1,4,1,1,1,1,1,2,1,1,1,7,1,1,1,1,1,1,1,1,6,1,1,1,1,1,1,Vignette(high)
730,5f589273fa1e3100097f07f6,1,2,58,58,1,1,1,1,0,5,41,0,5,4,4,1,4,1,2,1,2,1,1,1,6,2,1,4,1,2,1,1,1,7,4,4,4,2,4,1,Vignette(high)
732,6051f58faf37e1ff8c01445d,1,2,22,22,1,1,1,1,1,6,70,3,6,1,4,1,1,1,1,1,1,2,2,1,5,1,1,1,1,1,1,1,1,7,2,4,3,2,2,1,Vignette(low)
677,5e722d54811ec3046b5defbd ,1,1,44,44,1,1,1,2,0,1,100,0,1,7,1,1,1,1,6,1,1,4,4,1,7,2,1,1,1,1,1,1,1,3,5,7,6,6,7,2,Vignette(high)
780,5c56550e54f9d30001db7f50,1,1,34,34,4,1,1,1,1,5,20,1,4,4,2,4,5,2,3,4,4,4,4,5,4,4,3,3,4,4,4,4,4,4,3,5,4,4,3,3,Vignette(low)
819,60478ad2ab0ec8000a619c66,1,2,30,4,14,1,1,1,0,2,91,1,2,4,2,2,1,1,4,1,1,3,4,7,4,1,1,1,1,1,1,1,1,7,4,4,4,1,4,2,Vignette(high)
424,5c5b493e2b05d300019489b2,1,2,24,24,5,1,2,1,0,3,31,0,4,4,2,1,1,1,1,1,6,1,1,1,7,1,1,1,3,1,1,1,4,7,1,1,1,1,1,1,Vignette(high)
1075,5c5c9c513df12100018059ea,1,2,61,61,1,1,1,1,1,7,92,2,7,2,4,2,1,1,1,1,1,4,1,4,7,1,1,1,1,1,1,1,1,7,1,1,1,1,1,1,Vignette(high)
850,5f035c7ce9d86254e87992e4,1,2,57,57,1,1,1,1,1,5,60,2,6,2,3,1,1,1,1,1,7,5,3,2,7,1,1,1,1,1,1,1,2,7,1,2,2,1,1,1,Vignette(high)
887,5e1480ec7dd477aa21c9b40a,1,2,58,58,1,1,1,1,1,7,91,5,7,2,4,3,1,2,1,2,2,2,3,2,6,3,2,3,2,1,1,1,2,6,3,2,2,2,5,2,Vignette(low)
571,5e1858ff2bf95113513e63c6,1,2,22,22,1,1,1,1,1,6,91,2,6,3,4,1,1,1,2,1,5,5,5,2,7,3,3,2,1,1,1,1,1,7,2,2,2,2,2,1,Vignette(low)
658,5d1a1d97a51463000183f7af,1,1,26,26,1,1,3,2,1,5,50,2,6,2,4,2,1,1,1,1,3,4,4,3,5,3,1,1,1,1,1,1,1,7,2,2,1,1,3,1,Vignette(low)
588,56e87c23eefcff000596f0c1,1,2,53,53,1,1,2,1,0,3,31,0,5,6,2,5,3,1,5,3,5,1,3,3,7,2,1,2,2,1,2,1,3,6,5,5,5,5,5,2,Vignette(low)
746,5ea59ffb9325e15853a82d84,1,2,44,44,1,1,1,1,0,5,51,3,5,4,4,1,1,1,1,1,1,4,2,2,7,5,1,2,1,1,1,1,4,7,2,2,1,1,1,1,Vignette(low)
546,6043652749cb5f30c11b6043,1,2,27,27,13,1,2,1,1,6,90,10,6,2,4,1,1,1,1,1,3,1,3,1,7,1,1,1,1,1,1,1,1,7,1,1,1,1,3,1,Vignette(high)
737,6054891c5e9188709b2ce50f,1,2,39,39,1,1,0,1,1,6,95,10,7,1,4,1,1,1,1,1,1,2,4,1,7,2,1,1,1,1,1,1,1,7,1,1,1,1,1,1,Vignette(high)
873,5b8fdd69182eb80001622a73,1,1,46,22,1,1,1,1,1,6,85,3,7,2,4,5,5,2,5,2,6,4,5,7,7,1,1,1,1,1,1,1,1,7,2,2,1,1,2,1,Vignette(high)
583,5d7030ac857dc1000120d032,1,1,23,23,1,1,2,2,1,6,40,4,6,2,3,2,1,1,2,1,2,5,2,5,6,3,2,2,1,1,1,1,3,7,2,2,2,5,2,1,Vignette(low)
645,5c76ee0998566f00018eeb1f,1,2,47,47,1,1,1,1,1,7,100,4,7,5,5,3,3,3,2,1,6,7,2,2,7,2,2,1,5,2,1,1,5,7,3,1,2,2,2,2,Vignette(low)
834,5ec2f6c49a234813911253f8,1,2,24,24,1,1,1,1,1,6,30,2,5,3,3,5,4,5,6,6,4,3,4,5,6,5,4,4,5,3,3,6,5,4,6,6,3,3,4,5,Vignette(low)
1092,5da1db34eaeef90013b9fedb,1,2,31,31,1,1,1,1,0,6,49,2,6,3,4,1,1,1,1,2,1,7,5,6,7,5,2,1,2,1,1,1,1,7,2,3,2,3,3,2,Vignette(low)
897,59e74eaabbdb420001cdbdb2,1,2,56,56,1,1,1,1,1,6,70,1,7,2,4,1,1,1,5,2,2,3,5,5,7,3,1,1,1,2,1,1,1,7,1,2,1,1,1,1,Vignette(high)
664,5f0bb200f7e4fd4e0b266c01,1,2,21,21,1,1,2,2,1,6,85,5,6,1,5,1,1,1,1,1,1,6,5,5,7,2,1,1,1,1,1,1,1,7,1,1,1,1,1,1,Vignette(high)
581,5ff6fc59dd81f72b67e7104e,1,2,27,8,1,1,2,1,0,6,9,0,6,1,4,1,1,1,1,1,1,1,1,1,7,1,1,1,1,1,1,1,2,7,1,1,1,1,1,1,Vignette(low)
836,5c616776cb05d60001cc0394,1,2,44,44,1,1,1,1,0,5,50,3,5,4,3,2,1,1,1,5,1,4,5,5,5,5,5,3,3,1,1,1,3,7,4,4,4,3,5,3,Vignette(high)
599,57f73fdb8079d200017d7af6,1,1,47,47,1,1,1,1,1,6,60,3,6,1,4,2,1,1,5,1,2,2,5,5,6,5,1,4,1,1,1,1,1,7,2,3,2,2,3,1,Vignette(low)
639,5dc0963c6ff9eb03b5879587,1,2,42,42,1,1,1,1,0,4,81,1,3,6,1,1,1,1,1,5,4,1,1,1,5,1,1,1,1,1,1,1,5,5,5,5,5,4,4,5,Vignette(high)
679,5fd7ac5e7c28c502585e4d5a,1,2,48,48,1,1,2,1,1,6,83,3,6,2,5,1,1,1,2,1,1,3,2,3,6,3,1,1,2,1,1,1,3,6,3,1,1,1,2,1,Vignette(low)
772,56a80408c89737000b22bd37,1,1,45,45,1,1,1,1,0,1,98,0,5,6,2,6,1,2,6,2,7,7,6,6,4,3,2,5,7,5,2,1,7,7,3,5,3,3,6,7,Vignette(high)
391,5e7119565b050e0255fc4577,1,2,29,29,1,5,2,2,1,7,94,5,7,1,4,1,1,1,1,1,2,1,1,1,7,1,1,1,1,1,1,1,1,7,1,1,1,1,1,1,Vignette(low)
587,5dcab17a5fd203781ec5869c,1,2,58,58,1,1,1,1,0,4,31,1,5,4,4,1,1,1,1,1,1,5,1,6,7,1,1,1,1,1,1,1,1,7,6,2,2,2,2,1,Vignette(high)
1306,605252b3932a203e20489d92,1,1,25,25,1,1,1,3,0,3,70,3,5,4,3,1,1,1,1,5,4,5,5,4,7,4,1,4,1,1,1,1,1,7,5,4,4,4,5,2,Vignette(high)
1166,5d687a77edb39d00194f0a60,1,1,23,23,1,1,2,1,1,6,90,1,6,1,4,2,1,1,1,1,6,4,2,1,7,1,1,2,1,1,1,1,1,7,1,1,1,1,1,1,Vignette(high)
655,5b6d9cb43a3efc000157c751,1,1,33,33,1,1,2,1,1,6,71,3,6,3,5,2,1,1,1,1,3,6,2,5,7,1,1,1,1,1,1,1,1,7,2,1,2,1,3,1,Vignette(high)
319,5c522fbee3209c000177efa8,1,2,64,64,1,1,2,1,1,6,91,3,6,5,4,1,1,1,1,1,1,4,1,1,7,1,1,1,1,1,1,1,1,7,2,2,2,2,2,1,Vignette(low)
698,5ffe0896c8b8484568c92af9,1,2,70,60,1,1,2,1,1,7,100,2,7,1,5,1,1,1,1,1,3,7,1,1,7,3,1,1,1,1,1,1,1,7,2,3,2,3,2,1,Vignette(low)
746,5c9164d10791df0001366ab9,1,1,65,65,1,1,1,1,0,2,89,0,5,5,2,1,1,1,5,1,5,7,6,7,7,6,1,1,1,1,1,1,1,7,6,6,6,1,6,1,Vignette(low)
786,5e8daaef9422bb028769fa86,1,2,22,22,1,1,1,2,1,6,85,2,5,6,3,1,1,1,2,5,2,5,3,2,6,2,1,2,1,1,1,1,2,5,3,1,2,1,2,1,Vignette(high)
678,5a7770b2f49c9a0001f2ff2b,1,2,29,29,1,1,1,1,1,6,80,5,6,1,5,1,1,1,1,1,2,3,2,1,7,1,1,1,1,1,1,1,1,7,1,1,1,1,1,1,Vignette(low)
530,5e8495af68b86403cb632765,1,2,32,32,4,1,1,1,1,6,89,10,6,5,4,3,1,1,5,1,1,6,1,4,7,1,2,1,1,1,1,1,2,6,1,2,2,1,1,1,Vignette(low)
963,6050dba498311db34c5be5bd,1,2,19,19,10,2,1,1,1,7,100,10,7,2,5,1,1,1,1,2,1,3,1,1,7,1,1,2,1,1,1,1,2,7,1,1,1,1,1,1,Vignette(low)
998,5bad16bfd0e97100013f49ad,1,1,47,47,4,1,1,1,0,5,77,8,4,5,3,3,1,2,1,3,3,3,3,3,2,5,4,4,4,2,1,2,4,6,5,5,4,5,4,2,Vignette(high)
529,60537fdcda0ac05f1c59c57f,1,2,36,36,1,1,2,1,0,6,50,0,6,1,5,1,1,1,1,3,2,1,2,2,6,3,3,2,1,1,1,1,1,5,1,1,1,1,1,1,Vignette(high)
751,5c7aab506c79bb0016cd882f,1,2,45,45,1,1,1,1,0,4,60,5,5,5,2,2,1,3,4,3,5,7,5,6,7,4,2,4,2,3,2,2,5,6,5,6,5,4,4,2,Vignette(low)
570,5c1ac1c637dd01000114e36a,1,4,21,21,1,1,1,2,0,5,35,2,5,5,4,3,3,2,5,5,5,2,5,5,6,5,1,1,1,2,1,1,5,6,4,2,4,4,1,3,Vignette(low)
1044,5ee3be6ff942c407cd54e6ce,1,2,51,51,1,1,2,1,1,7,100,5,7,1,5,1,1,1,1,1,1,7,6,1,7,1,1,1,1,1,1,1,2,7,1,1,1,1,1,1,Vignette(high)
550,5efca0e4de12d10693f68390,1,2,30,30,1,1,1,1,1,7,80,2,7,1,5,1,1,1,1,1,2,4,1,1,7,1,1,1,1,1,1,1,2,7,4,1,1,1,1,1,Vignette(low)
712,5ccf41c9bd0d3e001593ce92,1,1,47,47,1,1,1,1,1,7,20,5,7,3,4,1,1,1,1,1,1,6,4,7,7,4,1,1,1,1,1,1,1,7,2,1,1,1,1,1,Vignette(high)
709,5e8a4da668e22e6f75da44aa,1,2,38,38,1,1,1,1,1,6,93,3,7,2,5,1,1,1,2,1,6,2,1,2,7,3,1,1,2,2,1,1,3,7,1,2,1,2,2,1,Vignette(low)
962,5fd9fe0889505333e0756d68,1,2,34,34,1,1,0,1,0,2,84,0,5,6,3,2,3,1,6,1,6,1,1,1,7,1,1,1,1,1,2,1,6,7,2,2,2,2,6,1,Vignette(high)
858,5e29c3e65570910297dbf70d,1,1,64,64,1,1,1,1,1,7,90,2,7,4,4,1,1,1,2,1,4,7,5,6,7,5,1,1,2,3,3,1,1,7,1,4,2,1,2,1,Vignette(low)
667,5cb4e2e8dde4050015779d17,1,2,29,29,1,1,1,1,1,6,61,7,6,2,4,2,1,2,2,3,5,4,4,4,4,4,2,1,1,1,1,1,2,7,2,2,2,2,2,1,Vignette(high)
1177,5ea1b6c46c3ed8080a0f9e16,1,2,51,51,1,1,1,1,0,5,60,0,5,5,1,5,4,4,4,5,5,6,5,5,5,5,3,3,3,2,1,1,5,7,4,4,4,3,5,3,Vignette(high)
542,5e518641c702b0000d6da0b5,1,2,42,42,1,1,1,1,1,6,90,3,7,2,4,1,1,1,1,1,1,1,2,1,7,1,1,1,2,1,1,1,2,7,2,3,2,1,2,1,Vignette(low)
855,5e132349b199e49599de669e,1,2,49,49,1,1,0,1,1,6,70,2,6,3,3,1,2,1,5,1,2,2,2,5,7,2,1,1,1,1,1,1,1,7,5,5,5,2,1,1,Vignette(low)
922,5efae8f0156229941fcf363e,1,1,39,39,1,1,1,1,1,6,70,7,5,5,3,1,1,1,1,2,1,6,2,6,6,1,1,1,1,1,1,1,2,7,2,2,2,2,3,2,Vignette(high)
506,5d70ca31152ffd001a946d2b,1,2,20,20,1,1,3,2,1,7,99,10,6,1,4,1,1,1,1,1,1,7,2,7,7,1,1,1,1,1,2,1,1,7,2,1,1,1,5,2,Vignette(high)
888,5c4ff1ff3e4c8400010aa969,1,2,58,58,1,1,1,1,1,7,92,6,6,4,2,1,1,1,1,1,2,2,2,2,7,2,1,1,1,1,1,1,1,7,1,1,1,1,2,1,Vignette(high)
1065,5ea0672dd3be90032762f6b2,1,1,64,64,1,1,1,1,0,2,91,0,2,6,2,1,1,3,6,1,1,7,1,6,6,1,1,1,1,1,1,1,1,7,6,5,5,5,5,5,Vignette(high)
391,5b2509947f7816000145fa13,1,2,27,27,1,1,1,1,1,5,56,4,5,1,3,1,1,1,1,1,1,1,1,1,7,1,1,1,1,1,1,1,2,7,2,2,1,1,2,1,Vignette(low)
817,5b44292f99da270001bd3f53,1,1,33,33,1,1,1,1,0,5,50,0,6,6,4,5,5,2,5,2,5,5,5,5,5,3,2,2,4,4,2,2,5,5,5,5,4,3,3,4,Vignette(high)
1128,5d1df13bf6fbfd00198d5732,1,2,60,54,1,1,1,1,1,6,71,3,6,2,4,2,1,1,1,2,1,4,3,3,7,5,3,1,1,1,2,1,2,6,3,3,3,2,3,1,Vignette(high)
633,5fedd3923986cc0039ef82df,1,1,28,28,1,1,1,1,1,7,98,10,6,5,5,1,1,1,1,1,2,1,4,1,7,1,1,1,1,1,1,1,2,7,2,1,1,1,1,1,Vignette(low)
702,577bef95908f1d0001c392ef,1,1,33,33,1,1,1,1,1,6,91,3,6,5,4,1,4,1,5,1,1,6,2,1,4,6,4,4,1,1,1,1,1,7,5,5,1,1,1,1,Vignette(high)
554,5977c17d1a800200011cdb9c,1,2,30,30,1,1,1,1,1,6,79,8,6,5,3,1,1,1,1,1,1,2,1,1,6,3,3,1,1,1,1,1,1,7,1,2,1,1,1,1,Vignette(high)
819,5d4934304c12d50015ec3e1f,1,2,29,29,1,1,1,1,0,5,41,2,5,6,4,2,2,1,1,1,5,5,5,2,7,5,1,1,1,1,1,1,1,6,1,1,1,1,1,1,Vignette(low)
1459,5bf181e793ba1c00016c7e49,1,2,68,68,1,1,1,2,0,2,80,0,1,7,1,5,1,4,1,1,1,2,5,2,5,1,1,1,1,1,1,1,7,7,5,5,5,1,5,5,Vignette(low)
928,5eeba61a6480680fa250a4f5,1,1,30,30,1,1,2,1,1,7,100,8,6,1,4,1,1,1,1,1,1,1,3,1,7,2,2,2,1,1,1,1,1,7,1,2,1,1,2,1,Vignette(high)
756,5c4b033f894d390001f80468,1,2,44,19,1,1,1,1,0,6,5,0,6,6,4,4,1,1,1,1,1,1,1,4,7,1,1,1,1,1,1,1,4,7,4,4,4,4,4,1,Vignette(low)
892,5c62f7ca1f94dc000168f311,1,2,53,53,1,1,1,1,1,6,50,1,6,2,3,1,1,1,2,1,4,4,4,4,7,4,1,1,1,1,1,1,2,7,2,2,2,1,2,1,Vignette(high)
1177,5d09122868b3000018d480f5,1,2,59,59,1,1,1,1,1,7,100,5,7,4,5,1,5,1,5,1,1,5,1,1,7,1,1,1,1,1,1,1,1,6,4,1,1,1,4,1,Vignette(low)
1101,604922d6dfca14efccd04c58,1,2,26,26,1,5,2,1,1,6,92,5,7,2,3,1,1,1,1,2,2,2,5,2,7,3,1,2,1,1,1,1,1,7,1,1,1,1,1,1,Vignette(low)
1075,5d3cb6625ca28800166c8ffc,1,1,19,19,1,1,2,1,0,4,64,0,2,6,2,6,5,2,7,5,4,6,4,3,4,4,4,3,3,3,4,3,4,4,5,6,5,3,6,4,Vignette(high)
1032,5c92a94f5983f5001664fe08,1,1,21,19,4,1,1,1,1,4,65,3,6,5,5,4,2,1,2,1,4,6,2,6,7,4,1,2,1,1,1,1,1,7,2,2,1,1,1,1,Vignette(high)
635,5d417600ae3c70001876cfdd,1,1,48,48,1,3,0,2,1,6,81,3,6,5,3,5,5,3,4,2,5,6,5,5,5,2,2,2,3,5,1,2,2,6,4,5,6,3,3,2,Vignette(low)
661,5f0458436e93406a91590992,1,2,25,25,1,2,1,1,1,6,90,4,7,1,4,1,1,1,1,1,1,1,1,1,7,1,1,1,1,1,1,1,1,7,1,1,1,1,1,1,Vignette(high)
931,5c090363361ed2000131cd74,1,2,22,22,1,2,2,1,1,6,80,7,2,4,4,1,1,1,1,1,1,2,3,1,7,2,3,3,1,1,1,1,1,7,2,1,1,1,1,1,Vignette(high)
647,603c00c0b3152f954aaa1e93,1,2,26,26,1,2,1,1,1,6,80,4,6,6,3,1,1,1,1,1,1,1,1,1,7,1,1,1,1,1,1,1,1,5,1,1,1,1,1,1,Vignette(high)
1029,5e5a71bbe30a782685d61433,1,2,19,19,1,3,2,2,1,6,80,10,7,1,5,1,1,1,1,1,1,2,1,1,7,1,1,2,1,1,1,1,1,7,1,1,1,1,1,1,Vignette(high)
1073,5f312ec0687725067ffd15e9,1,2,55,27,1,1,1,1,1,7,70,2,6,5,4,1,1,1,2,5,2,3,5,2,7,1,1,1,2,1,1,1,2,6,2,2,1,1,1,1,Vignette(high)
465,600f077a481b4705a93b13d7,1,2,39,39,1,1,1,1,1,6,71,5,7,1,5,1,1,1,1,1,2,4,1,1,7,5,1,1,1,1,1,1,2,7,1,1,1,1,1,1,Vignette(low)
1042,5ed6b4c1d20f6b11ccae081b,1,2,46,46,1,,1,1,1,7,80,10,6,1,4,1,1,1,1,1,1,1,1,1,7,1,1,1,1,1,1,1,1,7,1,1,1,1,1,1,Vignette(high)
891,5e8b51ec7fbe2d01daf0b411,1,2,26,26,1,1,2,1,1,7,100,6,6,2,5,1,1,1,1,3,1,3,3,1,7,1,1,1,1,1,1,1,2,7,1,1,1,1,1,1,Vignette(high)
1555,6050fd0d7714b4699551a6f8,1,2,27,16,1,1,1,1,1,7,72,7,4,2,5,1,1,1,1,2,1,4,4,1,7,1,1,1,1,1,1,1,1,7,1,1,1,1,1,1,Vignette(low)
1002,5ead6fe25ed0c73fa418e825,1,2,33,33,1,1,1,1,1,6,60,1,6,4,3,1,1,1,1,1,1,1,1,1,7,1,2,1,1,1,1,1,1,6,1,1,1,1,1,1,Vignette(high)
923,5f1ddc6c22c07d063407cdd9,1,1,20,7,1,1,1,1,0,3,40,0,4,5,3,1,1,2,3,2,5,2,2,2,7,3,2,4,1,1,1,1,2,7,5,6,5,5,5,3,Vignette(high)
541,5fe355dfa85a247bb371442d,1,1,32,32,1,1,2,1,0,6,70,0,2,6,1,6,5,2,6,5,2,2,3,2,4,2,2,2,6,2,2,2,5,7,4,4,4,4,4,4,Vignette(high)
924,5eccd444d068808c695c2ea5,1,1,37,15,1,3,1,1,1,6,90,1,6,4,4,1,1,1,1,2,3,5,3,7,7,1,1,1,1,1,1,1,2,7,2,1,1,1,1,1,Vignette(low)
1411,5f241628a3194a227f631fc3,1,2,65,65,1,1,1,1,0,5,51,0,5,5,3,2,2,5,4,5,2,5,5,3,6,4,2,2,1,1,1,1,3,7,4,5,5,3,5,1,Vignette(high)
1193,5cc92c45a7f12900180c5d53,1,2,34,34,1,1,0,1,1,6,89,6,6,5,2,4,4,2,2,4,4,3,3,2,5,2,2,3,3,3,2,2,3,6,3,2,4,3,2,2,Vignette(low)
1415,5c87a3364c1a610001556f1c,1,1,40,40,1,1,2,1,1,7,100,5,7,1,5,1,1,1,1,1,1,7,1,4,7,1,1,1,1,1,1,1,1,7,1,1,1,1,1,1,Vignette(low)
707,567c1cc8b7d79a0012b273ef,1,1,24,24,1,1,1,1,1,6,75,1,6,2,4,1,1,1,1,2,2,5,3,5,7,3,1,2,1,1,1,1,2,7,2,2,2,1,3,1,Vignette(high)
899,5d799b8213a70e001a66677f,1,1,38,38,1,1,2,3,0,2,95,0,2,6,2,1,5,1,5,4,7,6,5,4,6,4,2,2,2,3,2,1,5,7,5,4,4,4,5,4,Vignette(high)
626,5aeaf4d8537e4c00012322ad,1,1,33,33,1,1,1,1,1,6,90,3,6,2,5,1,1,1,1,1,1,4,1,1,7,1,1,1,1,1,1,1,1,7,2,2,2,2,5,1,Vignette(high)
1123,59c188d75c50560001df9460,1,2,45,45,1,1,1,1,0,3,71,0,3,5,3,1,5,1,5,1,1,1,1,1,5,1,1,1,1,1,1,1,1,7,2,2,2,1,1,1,Vignette(low)
934,5e2eda312575cf49bea78a73,1,1,33,33,10,1,2,1,0,4,55,0,5,5,4,1,2,2,3,2,4,2,1,1,6,2,1,5,2,5,2,1,5,7,5,3,5,1,1,1,Vignette(high)
1384,5db6ec97d9b41d000b2464eb,1,2,35,5,1,1,1,1,0,6,10,1,6,5,4,1,1,2,1,1,1,1,1,1,7,1,1,1,1,1,1,1,1,7,1,1,1,1,5,1,Vignette(low)
1068,5af07de697a14300017d0c4f,1,2,33,33,1,3,1,0,1,7,100,6,7,1,5,1,1,1,1,1,1,2,1,1,7,1,1,1,1,1,1,1,1,7,1,1,1,1,1,1,Vignette(high)
1225,603ffa702c052c1982b4cbd9,1,2,21,21,4,1,2,1,1,6,85,8,7,4,5,1,1,1,1,2,4,7,4,4,7,1,1,1,1,1,1,1,2,7,4,3,1,1,4,1,Vignette(low)
1065,5ffd7f154f1cda2d682a6723,1,2,47,47,1,1,1,1,1,7,91,1,6,6,3,5,4,1,4,2,4,3,2,3,4,1,1,1,1,1,2,1,1,7,1,1,1,1,1,1,Vignette(low)
1136,5ebaa1ff940078000b52ebf4,1,1,54,54,1,1,1,1,0,2,70,0,3,7,2,4,2,1,5,3,5,4,3,6,5,2,1,4,2,3,2,1,4,7,5,4,4,3,4,2,Vignette(low)
1948,5916d5bed64c810001d7e4a3,1,1,39,9,1,1,1,1,0,2,10,0,3,5,3,7,5,7,7,5,7,5,4,7,4,1,1,4,7,7,5,1,7,7,7,7,7,7,5,7,Vignette(high)
1455,5705083cde5095000a18915a,1,2,45,45,1,2,2,1,1,7,91,1,7,1,4,2,1,1,1,2,2,6,1,5,7,1,1,1,1,1,1,1,1,7,1,1,1,1,1,1,Vignette(low)
689,59692f4467a8600001b714e1,1,2,53,53,1,1,2,1,1,7,100,10,7,1,5,1,1,1,1,1,1,1,3,6,7,1,1,1,1,1,1,1,1,7,2,1,1,1,1,1,Vignette(high)
993,5f78ed59d3456a4d06411b78,1,2,35,35,1,1,1,1,1,6,82,10,6,1,4,1,1,1,2,1,2,4,2,4,7,1,1,1,1,1,1,1,1,7,1,2,2,2,4,1,Vignette(low)
1226,5fb8d29daff3bb26b233b979,1,1,59,59,1,1,1,1,0,2,80,0,2,4,4,2,1,1,4,2,6,5,5,3,7,5,1,2,1,1,1,1,6,7,4,5,4,1,4,2,Vignette(high)
1201,573b71ac67421f000e19120e,1,2,56,56,1,1,3,1,1,5,81,2,7,4,4,1,1,1,1,1,1,3,3,2,4,3,1,1,1,1,1,1,1,6,4,4,3,1,2,1,Vignette(low)
1282,600ad993c009a101dd6a9bdb,1,2,52,52,1,1,1,1,1,6,61,3,6,1,4,1,1,1,1,1,1,6,6,6,6,5,6,3,1,1,1,1,2,7,4,2,2,1,1,1,Vignette(low)
987,5aca4e27a3ba7a0001b4d415,1,1,38,38,1,1,1,1,0,5,65,1,6,7,5,1,1,1,1,1,1,1,1,4,5,1,1,1,1,1,1,1,1,7,1,1,1,1,1,1,Vignette(high)
1342,5f5a4e1f3778490d3e6d1652,1,2,56,56,2,,1,1,1,6,70,3,6,1,5,1,1,1,1,1,1,1,1,1,7,1,1,1,1,1,1,1,1,7,1,1,1,1,1,1,Vignette(low)
1052,5c03fd073d55b100012a3112,1,2,32,30,1,1,1,1,0,2,60,0,5,4,4,1,2,1,2,2,2,4,4,2,7,5,1,1,1,1,1,1,1,7,4,4,4,3,4,2,Vignette(high)
1024,5f68f1e9fe85b20a54b3eb74,1,1,21,9,11,1,2,1,1,5,71,2,5,5,3,2,1,2,4,1,4,4,5,3,6,5,4,4,1,2,1,1,1,7,5,5,5,3,5,2,Vignette(high)
2274,5feb355dfef4d1b60be48854,1,1,24,24,1,1,1,1,0,5,30,0,6,4,3,2,1,1,1,2,3,2,2,1,6,1,1,2,1,1,1,1,1,7,1,1,1,1,1,2,Vignette(high)
980,58f669cefb4d7500014af69b,1,1,44,44,1,1,1,1,0,4,21,3,4,4,2,1,3,1,4,1,3,1,1,1,4,1,1,1,1,1,1,1,3,7,3,4,3,1,2,4,Vignette(low)
903,5c180a3ac59c17000167491e,1,1,32,32,1,1,2,1,1,6,90,5,6,1,5,1,1,1,1,1,1,1,1,1,7,1,1,1,1,1,1,1,1,7,1,1,1,1,1,1,Vignette(low)
1353,5d0eb745e28c4d001a279eaa,1,2,43,10,1,1,1,1,0,5,50,1,3,1,2,1,1,1,7,1,6,4,4,1,5,1,1,1,1,1,1,1,4,7,5,5,5,5,5,3,Vignette(high)
1273,55d22025cc2b18000c0b9d9c,1,1,24,24,1,1,1,1,0,2,70,0,5,6,3,1,4,5,5,5,6,5,4,2,6,1,1,1,1,1,1,1,1,7,4,5,4,4,4,2,Vignette(low)
1009,5df03fabc1ef790aa5595f8f,1,2,42,42,14,3,1,1,0,5,5,7,6,1,2,1,1,1,5,1,1,7,6,6,7,1,1,1,1,1,1,1,1,7,3,3,1,1,4,1,Vignette(low)
1535,5883d68d300c0b000113db56,1,2,48,21,1,1,1,2,1,7,79,6,7,5,4,5,3,2,2,2,3,3,1,4,6,1,1,1,1,1,1,1,6,7,2,3,2,1,1,1,Vignette(high)
1269,6054465815a183c29118c0bc,1,1,34,34,1,1,1,1,0,5,70,5,4,5,4,1,1,1,2,1,1,2,2,1,7,1,1,1,1,1,1,1,3,6,2,2,2,1,2,1,Vignette(high)
834,5ea03d5bbb81f6049c753cae,1,2,54,54,1,1,1,1,0,3,70,4,5,4,3,4,3,4,3,2,3,4,4,3,4,2,1,1,2,2,2,1,4,5,4,4,4,4,4,4,Vignette(high)
2085,59d3958ed552520001fe6dfc,1,1,40,40,1,1,1,1,1,6,74,2,6,2,3,2,1,1,4,1,4,4,2,2,6,1,1,1,1,1,1,1,2,6,3,3,3,3,5,1,Vignette(low)
2049,5ff4f777feba317bf3cbc9b7,1,2,31,11,1,1,1,1,0,5,81,0,3,6,2,1,5,5,6,5,7,7,6,7,7,6,1,3,5,5,1,1,6,7,6,6,6,4,6,2,Vignette(high)
2109,5ddd631f063ebd000dbe0687,1,1,34,12,1,1,1,1,0,2,70,0,2,4,2,1,3,4,5,2,6,6,5,6,5,2,1,3,4,5,5,2,6,6,5,5,6,4,3,5,Vignette(low)
1899,5fa43bb9a1da9605a34dcc0d,1,1,21,21,13,1,2,2,0,1,100,0,1,6,1,2,2,2,2,2,7,7,4,6,1,2,7,7,5,5,6,3,7,1,7,7,7,7,5,7,Vignette(low)
2688,5df0e4b46fa634011f5d018d,1,1,37,37,1,1,1,1,1,6,81,8,6,5,4,3,2,1,2,1,3,2,2,2,6,2,1,1,2,2,1,1,3,6,4,3,2,1,2,2,Vignette(high)
876,5d8c9c3bb7a83b00175048ec,1,2,69,69,1,1,1,1,1,7,93,2,6,5,5,1,1,1,5,1,1,7,4,1,7,3,5,1,1,1,1,1,2,7,4,4,4,1,4,1,Vignette(low)
561,601befa6ccedd6614106588c,1,2,19,4,5,1,2,1,1,6,71,10,5,1,4,1,1,1,1,1,1,2,2,2,7,1,1,1,1,1,1,1,1,7,1,6,1,1,1,1,Vignette(low)
345, 5f2039a06a1b2a2ca7ddc3b9,1,2,21,20,4,1,2,1,1,6,92,3,6,5,5,1,1,1,3,1,5,1,5,1,7,5,5,3,1,1,1,1,1,7,3,2,1,1,1,1,Vignette(high)
320,5fd627832d643f4cb9190fa7,1,2,33,30,1,2,2,1,1,7,96,5,7,1,5,1,1,1,1,1,1,1,1,1,7,1,1,1,1,1,1,1,1,7,1,1,1,1,4,1,Vignette(low)
533,60170184b3fe5f1ee9383f0f,1,2,34,34,1,2,2,1,1,7,90,7,7,1,5,1,1,1,1,1,1,3,1,2,7,3,1,1,1,1,1,1,1,7,1,1,1,1,1,1,Vignette(low)
535,5f8ff2b456607501540e1c70,1,2,40,40,1,1,2,1,0,6,5,1,6,2,5,1,1,1,1,1,2,4,4,2,7,1,1,1,1,1,1,1,4,7,1,2,1,1,1,1,Vignette(high)
589,5e9a162fc140d109fe1a4618,1,1,24,24,1,1,0,1,1,5,30,1,5,3,4,1,1,1,1,1,5,4,3,2,6,3,3,3,1,1,1,1,2,5,1,1,1,1,1,1,Vignette(high)
643,598d74208380cc00012a3a62,1,2,35,35,1,1,1,1,1,6,80,4,7,1,4,1,1,1,1,1,1,1,2,1,7,4,1,1,1,1,1,1,1,6,1,1,1,1,1,1,Vignette(low)
833,5a78a1ae527fd00001464a41,1,2,61,61,1,1,1,1,1,6,90,5,7,1,5,1,1,1,2,2,1,4,3,2,6,3,1,1,1,1,1,1,3,7,2,2,1,2,2,1,Vignette(high)
820,603ed5d8d98e95fc0e0a67a9,1,2,32,7,4,1,1,1,1,6,60,7,6,7,2,6,7,7,5,3,1,2,1,7,7,2,6,1,2,1,2,2,5,1,7,6,6,6,7,5,Vignette(high)
889,5ea0bc61287a9d0bcde12c00,1,1,52,52,1,,1,1,0,4,50,0,5,4,5,1,1,1,1,1,1,6,2,7,7,1,1,1,1,1,1,1,1,7,1,4,4,4,4,1,Vignette(high)
926,5b9d57e5737d030001ad2cbf,1,1,53,53,1,1,1,1,0,5,60,0,6,6,3,5,4,1,5,1,4,7,6,6,5,6,4,6,1,1,1,1,4,7,6,6,5,4,5,2,Vignette(low)
1607,5ea0304b6d57b8000c9b742c,1,1,49,25,5,1,1,1,1,6,90,2,7,3,4,3,1,1,3,1,4,6,5,6,7,2,1,1,2,1,1,1,7,2,3,5,4,2,3,1,Vignette(low)
358,5ac8958b1667e40001d8852a,1,2,64,64,1,1,1,1,1,7,70,3,7,5,4,,,,,,,,,,,,,,,,,,,,,,,,,,Vignette(low)
288,603f7cfa6d22ad0008e76e3c,1,2,19,19,1,5,2,1,,,,,,,,,,,,,,,,,,,,,,,,,,,,,,,,,Vignette(high)
897,6031c10910c7c117d7fd869f,1,2,27,27,1,1,3,1,,,,,,,,,,,,,,,,,,,,,,,,,,,,,,,,,Vignette(high)
191,5ff710f366c8103139f19489,1,1,21,21,13,1,1,1,1,6,73,10,5,2,4,,,,,,,,,,,,,,,,,,,,,,,,,,Vignette(low)
56,5f024111bc410b3d33cbd3cc,1,2,23,21,5,1,1,1,,,,,,,,,,,,,,,,,,,,,,,,,,,,,,,,,Vignette(high)
497,5da47c75f834780010190c80,1,2,20,20,1,1,2,1,,,,,,,,,,,,,,,,,,,,,,,,,,,,,,,,,Vignette(low)
569,5f904410ef86570b6eeebcb6,1,2,23,23,1,1,1,1,1,5,70,5,6,1,5,1,1,1,1,1,1,3,5,4,7,2,2,2,3,3,1,1,2,7,1,3,2,2,2,1,Vignette(low)
207,5eb6d326f096330635dfb83f,1,2,20,20,13,1,3,1,1,7,99,10,7,1,5,1,1,1,1,1,1,1,1,1,1,1,1,1,1,1,1,1,1,1,1,1,1,1,1,1,Vignette(high)
1266,5d34a43a85a2ab0017b5fb08,1,2,44,44,1,1,3,1,1,6,90,2,6,2,5,1,1,1,6,2,5,5,3,1,7,1,1,2,2,2,1,1,6,7,2,1,1,1,1,1,Vignette(low)
834,5ef764fa8954704782c71718,1,1,25,25,1,3,1,1,0,5,40,1,5,4,3,1,3,1,3,1,7,3,5,3,6,5,3,3,1,1,1,1,3,5,4,4,3,3,5,4,Vignette(low)
644,5f7e1f3993a0b50bf0a238a9,1,1,51,34,1,1,2,2,0,5,60,0,5,5,3,3,2,3,4,5,3,3,4,4,6,5,1,3,2,2,1,2,6,7,4,4,4,2,6,3,Vignette(high)
478,5fa3bc6e406ac8000a9a1c4c,1,1,38,2,1,1,1,1,1,6,90,3,6,2,4,1,1,1,2,1,3,4,1,3,6,1,1,1,1,1,1,1,3,7,3,3,3,1,5,3,Vignette(low)
348,5e6fbdb3292f7b57d7e0b3a7,1,1,30,30,1,2,3,1,1,7,100,10,7,1,5,1,1,1,1,1,1,1,1,1,7,1,1,1,1,1,1,1,1,1,1,1,1,1,1,1,Vignette(low)
366,5eac8f806d7f5112644ce460,1,1,42,42,1,1,1,1,1,7,90,3,7,2,5,1,1,1,1,1,3,3,2,2,7,3,2,3,1,1,1,1,1,7,3,4,2,1,2,1,Vignette(low)
636,5e8d24047fba8f0ed42975b5,1,1,28,28,1,1,2,1,0,5,40,0,5,2,3,1,1,1,5,1,5,2,2,2,7,1,1,4,1,1,1,1,3,7,4,3,3,3,5,2,Vignette(high)
418,5ebd4e155981ba01e49173ed,1,1,27,27,1,1,1,2,0,1,100,0,2,5,1,5,5,5,6,3,7,4,4,4,4,3,1,5,2,2,3,2,4,4,6,7,7,5,7,5,Vignette(high)
399,5f64af3570cc750009026296,1,1,24,17,1,1,1,1,1,6,80,2,5,5,3,2,2,1,1,1,6,4,5,4,6,1,1,1,1,1,1,1,2,7,5,5,5,2,4,2,Vignette(low)
423,5a22d8ba391e270001a100d3,1,1,39,39,1,1,2,1,0,2,90,1,2,6,2,1,1,1,5,1,6,5,3,4,6,5,1,1,1,1,1,1,1,7,5,5,5,3,3,1,Vignette(low)
519,5fbe46ce91f04a34373e3319,1,1,25,18,4,1,2,1,1,7,81,10,7,5,4,1,2,3,4,5,4,2,3,4,3,5,4,6,3,5,4,3,7,3,5,4,3,3,4,3,Vignette(low)
338,5d0651c57c37bf001a987dc2,1,1,36,36,1,1,1,1,0,5,70,0,3,6,2,6,5,5,6,2,5,7,2,6,6,2,2,5,7,7,6,1,7,7,6,7,6,6,6,7,Vignette(high)
1717,5fdbacf82178d1042fc676ef,1,1,26,26,5,1,1,1,0,2,30,1,5,6,2,6,3,2,5,6,5,7,5,4,5,2,1,1,5,3,1,1,7,4,4,2,4,4,4,5,Vignette(high)
628,5f4642211be88a010fb375f5,1,1,47,47,1,1,1,1,1,6,80,10,6,3,4,1,1,1,1,2,1,1,3,1,6,2,1,1,1,1,1,1,1,6,2,4,3,2,4,1,Vignette(high)
878,56c225fe0a25f1000ce56865,1,1,46,19,5,1,1,1,1,6,70,4,7,1,4,1,1,1,2,1,2,2,1,1,7,2,1,1,1,1,1,1,6,7,2,2,1,1,2,1,Vignette(high)
413,5a8acb32ae9a0b0001aa0fc0,1,1,33,33,1,1,1,1,1,6,66,7,6,3,4,2,2,2,6,1,6,3,4,5,5,1,2,2,1,1,1,1,3,7,4,5,2,3,5,2,Vignette(high)
299,5ad0903b3a859300016c4e60,1,1,34,34,1,1,1,3,0,5,50,10,5,5,4,1,1,1,1,1,1,2,1,3,7,3,2,2,1,1,1,1,1,4,2,2,2,1,2,1,Vignette(low)
1458,5f200f43591b360416b211b9,1,1,30,30,1,1,1,1,0,5,68,4,4,2,5,1,1,1,2,1,4,3,4,2,7,2,1,1,1,1,1,1,1,7,3,3,2,1,3,1,Vignette(high)
528,5ce65aa96ad4e50001097566,1,1,52,52,1,1,1,1,0,3,70,0,3,7,1,6,6,5,5,4,6,7,5,6,6,6,2,7,5,6,5,1,6,7,7,7,7,6,7,6,Vignette(low)
695,60301033a31f95e112e633ae,1,1,35,35,1,1,1,1,0,4,49,0,4,4,4,1,1,1,1,1,1,1,1,2,7,1,1,1,1,1,1,1,1,7,4,1,1,1,2,1,Vignette(high)
486,60647ecfceb67a6cf61d2325,1,1,19,19,1,1,1,1,1,7,95,7,7,2,4,2,1,1,1,1,1,1,1,1,7,4,1,1,1,1,1,1,1,7,1,1,1,1,3,1,Vignette(high)
656,5afc3f0bfabc890001884b15,1,1,52,50,1,1,1,1,1,7,100,5,7,1,5,1,1,1,1,1,1,4,1,1,7,1,1,1,1,1,1,1,1,7,1,1,1,1,2,1,Vignette(low)
663,5ef8687a939d495b1705235e,1,1,32,32,1,3,1,1,0,3,65,0,3,6,2,2,2,1,2,3,6,1,1,1,7,1,3,5,6,2,1,1,5,2,6,7,6,2,7,3,Vignette(high)
650,5e0f31a34fa02a656250044a,1,1,48,48,1,1,1,1,0,3,30,1,5,5,2,6,1,1,1,2,6,1,3,1,5,5,3,4,2,1,1,1,3,7,4,4,4,2,5,3,Vignette(low)
545,5f22b76832432501e2129695,1,1,32,32,1,1,1,1,0,5,50,0,5,3,3,5,3,1,4,1,5,1,5,2,5,1,1,3,2,1,1,1,7,5,3,3,3,2,4,2,Vignette(high)
189,602b93fc7597b02cd10467de,1,1,34,34,14,1,1,1,1,6,71,5,6,2,4,5,7,4,6,5,7,7,4,6,7,6,5,6,4,5,5,4,3,4,3,7,5,4,6,7,Vignette(low)
339,5f5b76c81a328c2a9a84f757,1,1,34,34,1,1,2,2,1,5,68,4,6,5,3,3,1,1,5,1,3,4,4,5,5,4,4,3,2,2,2,2,3,5,4,5,4,4,4,3,Vignette(low)
359,5e3068330082f106875fb3f2,1,1,27,27,1,1,1,1,0,5,55,4,5,4,3,1,1,1,1,1,5,6,2,1,5,4,1,1,1,1,1,1,1,7,4,5,1,1,1,1,Vignette(low)
430,5eabac0b48b26f18d9b1e702,1,1,44,44,1,1,1,1,1,7,100,5,7,6,4,1,1,1,1,1,1,6,4,3,3,3,3,1,1,1,1,1,4,4,4,4,4,4,4,4,Vignette(low)
609,601d6db910663c0c5a0362b4,1,1,24,24,1,2,3,1,0,3,70,0,4,4,2,1,1,1,1,1,1,5,5,6,7,3,1,5,5,1,1,1,3,7,4,5,4,1,4,2,Vignette(high)
332,5d7a0921663fb40001ffb842,1,1,47,47,1,1,2,1,1,6,81,5,6,5,4,5,1,1,1,1,1,1,1,1,7,5,1,1,1,1,1,1,3,7,2,3,3,6,3,2,Vignette(high)
1036,605ed50de1f34b77863d970c,1,1,36,36,5,1,1,1,1,5,40,5,5,4,3,1,1,1,3,2,1,4,4,4,6,1,1,1,1,1,1,1,5,7,4,2,3,1,1,1,Vignette(low)
831,5f202e3123cea42a90298378,1,1,22,22,4,1,1,1,1,5,55,10,5,5,3,3,2,3,6,4,5,6,4,4,6,5,2,1,1,1,1,1,3,5,4,5,4,4,4,3,Vignette(low)
557,5e903f8b03a0a9000b99aea6,1,1,20,20,5,1,1,1,1,6,82,2,6,6,3,7,7,5,7,4,5,5,3,5,6,3,3,4,4,3,3,2,5,5,5,4,6,6,5,6,Vignette(low)
999,60007626d299a4c1474621584,1,1,51,51,1,1,1,1,0,4,20,0,5,6,5,1,2,3,5,5,4,6,5,7,6,4,2,2,1,1,1,1,4,7,4,6,4,4,6,1,Vignette(high)
564,5d53346807e8740015e561ed,1,1,49,49,2,1,1,1,0,5,9,0,5,6,3,2,5,2,5,1,3,5,3,2,6,2,2,6,2,2,2,2,4,6,3,4,5,3,5,3,Vignette(high)
757,5fc370fca0603a1bdd47f114,1,1,23,23,1,1,1,1,0,3,57,1,3,5,3,2,1,1,3,2,5,5,3,5,7,4,1,1,2,1,1,1,4,6,3,5,2,2,3,2,Vignette(low)
692,5f57a7b8d9afd02833f1c50c,1,1,19,1,1,1,2,1,1,6,80,5,6,1,5,1,1,1,1,1,2,1,1,5,7,1,1,1,1,1,1,1,1,7,1,1,1,1,1,1,Vignette(high)
556,5e8482e3c0a35102b0c610eb,1,1,44,44,1,1,1,1,1,6,80,5,6,1,5,1,1,1,1,4,1,1,1,1,7,2,1,1,1,1,1,1,1,7,1,1,1,1,1,1,Vignette(high)
513,5aeaf498854c900001867803,1,1,23,23,13,1,1,1,0,5,40,8,5,4,3,1,1,1,1,2,1,4,2,2,7,1,1,1,1,1,1,1,1,7,1,1,1,1,2,1,Vignette(low)
703,5f35bb460db2f81d1dd66900,1,1,19,19,1,1,1,1,0,5,60,0,7,2,5,1,1,1,1,1,4,5,2,5,7,2,3,2,1,1,1,1,1,7,1,2,2,1,1,1,Vignette(low)
553,601eaeeb12586834759af824,1,1,22,22,1,1,1,1,0,2,80,0,5,6,2,3,4,5,5,5,5,5,6,7,7,5,3,3,3,3,1,1,2,6,5,6,6,5,4,4,Vignette(high)
827,603296d4aa844c2b5d21f7fc,1,1,39,39,1,2,2,1,0,2,90,0,3,6,2,3,1,2,6,5,5,1,4,1,4,1,1,4,3,2,1,1,3,7,5,7,6,3,7,4,Vignette(high)
560,5f4e5b600a262b014b610357,1,1,32,32,1,3,1,1,0,6,78,0,6,5,4,3,2,1,2,2,5,4,4,4,7,4,1,2,3,1,1,1,4,7,3,3,3,1,4,1,Vignette(high)
691,5ad1e57b459c350001136c85,1,1,21,21,1,1,1,1,1,6,90,5,6,2,4,1,1,1,1,4,1,3,3,2,7,2,2,1,1,1,1,1,1,7,1,1,1,1,2,1,Vignette(low)
583,600adedd03915a03b8a3955f,1,1,32,32,1,3,1,1,1,6,82,1,2,6,2,1,1,1,4,6,2,5,5,3,4,6,3,2,1,1,1,1,2,1,4,4,4,4,7,4,Vignette(high)
776,5980f157413c230001291b22,1,1,26,26,1,1,2,1,1,6,70,10,7,1,5,1,1,1,1,1,1,6,1,4,6,1,1,1,1,1,1,1,1,7,1,1,1,1,1,1,Vignette(low)
703,5f0ed12d93f369243246a47a,1,1,31,31,1,1,1,1,1,5,40,5,7,2,5,1,1,1,1,1,5,1,1,1,7,1,1,1,1,1,1,1,1,7,1,1,1,1,2,1,Vignette(high)
566,5aa28d786219a30001f57655,1,1,40,40,1,1,1,1,1,7,93,7,7,1,4,1,1,1,1,5,3,1,1,1,7,1,1,1,1,1,1,1,3,6,2,3,1,6,5,1,Vignette(low)
674,5c6185cdc6f0dd0001e085a7,1,1,21,16,5,1,2,1,1,6,72,8,6,6,5,1,1,2,2,1,2,6,3,3,7,1,1,1,1,1,1,1,2,7,2,2,1,1,2,1,Vignette(low)
728,5ebd2a07fa52241862dbca05,1,1,26,26,1,2,2,2,0,6,75,2,6,2,5,1,1,1,1,2,5,6,2,4,7,2,1,1,1,1,1,1,1,7,2,2,1,1,2,1,Vignette(high)
910,5fdf8fe29f4b9e80cc7f7f7d,1,1,61,61,1,1,1,1,1,7,91,1,7,2,4,2,5,1,7,5,6,7,6,5,1,5,2,2,1,1,1,1,2,7,6,5,5,5,6,1,Vignette(high)
1254,5eac351c63858608351866b4,1,1,43,43,1,1,1,1,1,6,40,3,6,1,4,1,1,1,1,2,1,3,5,3,1,4,1,1,1,1,1,1,1,7,2,3,2,1,5,1,Vignette(high)
743,5ea0b332440c6a0a2b78b2df,1,1,74,74,1,1,1,1,0,2,91,0,4,6,2,2,1,4,6,4,5,5,4,3,5,2,1,1,2,1,4,1,3,6,6,6,6,5,5,4,Vignette(high)
883,5efd026d13df3d138997e860,1,5,20,20,6,2,3,0,1,6,81,5,6,2,4,1,2,1,2,4,3,3,4,5,7,2,1,1,1,1,1,1,3,6,2,3,1,1,3,1,Vignette(high)
838,5af5f227672ea800010d3b8d,1,1,24,24,1,3,2,1,0,5,40,3,5,4,3,5,5,4,5,2,6,4,5,2,6,5,4,5,2,2,1,1,2,5,3,4,3,2,5,3,Vignette(high)
1154,5edf196f0ad20d1c592b6f29,1,1,46,46,1,1,1,1,0,3,30,3,6,1,4,1,1,1,4,4,3,6,5,2,7,3,1,1,1,1,1,1,1,7,2,1,4,1,4,1,Vignette(low)
946,604f6bb960d356de90f985e3,1,1,24,24,1,1,1,1,0,4,80,0,4,4,3,1,1,1,1,1,1,4,2,2,7,5,1,1,1,1,2,1,3,7,4,4,3,1,5,4,Vignette(low)
819,5ee35d54fd807b0234fc52f0,1,1,18,18,1,1,2,1,0,3,80,1,2,6,1,6,4,6,6,6,6,6,7,6,6,1,2,6,4,2,5,2,4,5,7,7,7,7,7,7,Vignette(low)
1000,5ea0739b27f71903b8271217,1,1,52,42,5,1,1,1,1,6,77,3,6,2,4,2,1,1,1,1,6,6,1,1,7,1,1,1,1,1,1,1,1,7,1,3,1,1,1,1,Vignette(low)
562,56b8c6efe1d0a2000a146a7c,1,1,46,46,1,1,2,1,1,7,90,10,7,2,4,1,1,1,1,1,2,5,5,3,7,1,1,1,1,1,1,1,2,7,1,3,1,1,1,1,Vignette(high)
697,59ba747b76adf400010fd0da,1,1,56,56,1,1,1,1,0,3,100,10,3,6,1,5,4,1,7,4,6,4,5,4,1,1,1,4,1,1,1,1,2,7,4,5,4,2,4,1,Vignette(low)
996,5bc497db36f2b300010b9df8,1,1,32,32,1,1,2,1,1,7,100,10,7,1,5,1,1,1,1,1,1,1,1,1,7,1,1,1,1,1,1,1,1,7,1,1,1,1,1,1,Vignette(high)
718,5c4d87576aeb5d00010184f8,1,1,54,54,1,1,0,0,0,5,80,0,4,4,2,1,1,1,1,1,6,6,1,2,7,1,1,1,1,1,1,1,1,7,2,2,1,1,2,1,Vignette(low)
820,5e41e384cea1860869959f92,1,1,28,28,1,1,1,1,0,2,80,0,2,4,1,1,1,1,1,1,2,4,3,1,4,1,4,3,4,2,1,1,4,2,6,6,6,4,6,2,Vignette(high)
843,6031a31b478730143fdc0189,1,1,39,15,5,1,1,1,0,2,63,1,5,6,2,5,6,3,5,2,5,6,3,5,7,2,1,1,2,1,1,1,2,7,2,2,4,6,3,2,Vignette(low)
802,5b5f35fe64516800018b8ed2,1,1,34,34,1,1,1,1,0,4,60,0,3,6,3,7,3,3,6,6,5,7,7,7,7,7,5,7,1,1,2,1,7,7,4,6,4,4,7,4,Vignette(high)
923,59b8053c59f3df0001e08810,1,1,50,50,1,1,1,1,0,5,60,0,4,4,4,1,1,1,1,1,5,1,5,1,7,1,1,1,1,1,1,1,1,7,1,2,2,1,1,1,Vignette(low)
898,5e9b959c77f86e0a8314b0e8,1,1,20,16,1,1,1,1,1,6,80,3,6,1,4,1,1,1,5,1,3,4,1,4,7,3,1,1,1,1,1,1,3,7,2,1,1,1,1,2,Vignette(low)
963,5f2dec344a634e1382d0c106,1,1,26,18,14,1,1,1,0,3,40,0,5,3,3,3,1,1,1,2,3,4,4,4,7,2,2,1,1,1,1,1,3,7,3,3,3,2,2,1,Vignette(high)
894,5f21294e789a0649b25eff23,1,1,41,41,1,1,1,1,0,3,50,6,4,5,4,3,4,4,6,5,7,4,5,4,7,5,4,5,3,3,3,3,5,7,5,5,4,4,4,3,Vignette(high)
1017,5fa9b07feea1c41f89a467af,1,1,21,5,1,1,1,1,1,5,65,5,5,3,3,2,3,2,2,2,3,2,2,3,6,4,1,1,2,2,2,1,3,5,4,3,3,4,4,3,Vignette(low)
1174,6061f64d64fba13965d43a91,1,1,55,55,1,1,1,1,0,3,90,0,3,7,1,5,1,3,1,2,5,7,6,6,4,4,1,1,6,3,1,1,4,1,4,4,4,4,4,5,Vignette(low)
1155,601ef22cb13fd83f1f43393e,1,1,40,40,1,1,1,1,0,4,50,0,4,4,4,1,1,1,1,4,2,6,6,6,7,2,1,1,1,1,1,1,3,7,4,4,4,4,4,1,Vignette(high)
1236,5c296b31e9b1b20001b8ac77,1,1,40,18,5,1,1,1,1,7,90,7,6,4,4,1,1,1,1,1,1,7,1,7,7,1,1,1,1,1,1,1,1,7,1,1,1,1,1,1,Vignette(high)
1153,5d15d614db7eb70018f1a473,1,1,56,56,1,1,1,1,1,7,80,8,7,1,5,1,1,1,2,1,3,5,4,4,7,2,1,1,1,1,1,1,4,7,4,5,4,3,4,1,Vignette(low)
724,5e54082eb6e7cd414d4eae0e,1,1,54,54,1,1,1,1,0,7,100,0,6,1,5,1,1,1,5,1,1,6,1,3,6,1,1,1,1,1,1,1,1,7,2,5,5,1,7,1,Vignette(low)
2895,5fbdda42e675da21e1201c96,1,1,34,15,13,3,0,1,1,6,60,5,6,2,3,5,4,5,3,1,3,6,2,2,7,5,2,5,1,1,1,1,6,6,4,4,4,2,4,5,Vignette(high)
375,5e32c95c87b8ef28e5aff6ea,1,1,35,35,1,3,1,1,0,5,60,0,5,5,4,1,1,1,2,1,3,1,1,1,1,1,1,1,3,1,1,1,3,1,1,2,1,1,2,1,Vignette(high)
795,5c9ed757d254710012621dd2,1,1,35,35,11,1,1,2,1,6,70,3,6,6,5,6,5,6,7,2,3,6,1,6,7,2,2,1,1,1,1,1,1,1,1,2,2,1,2,2,Vignette(high)
889,5fec4bf28fd71dda83c7f34e,1,1,34,34,1,1,1,1,1,6,60,1,6,1,4,1,1,1,1,6,7,7,4,6,6,2,1,2,1,1,1,1,1,1,7,7,6,6,5,2,Vignette(low)
143,5f4fdd11275a74100788dac6,1,1,43,43,1,1,1,1,,,,,,,,,,,,,,,,,,,,,,,,,,,,,,,,,Vignette(low)
4395,5e690f83d1e0d41a69f00db8,1,1,25,25,14,1,1,1,0,3,66,0,6,4,4,,,,,,,,,,,,,,,,,,,,,,,,,,Vignette(low)
4477,5ea81c884920c72209a75fe1,1,1,27,27,1,1,2,2,,,,,,,,,,,,,,,,,,,,,,,,,,,,,,,,,Vignette(high)
66,5ebe81e8e865c204b2ece9e3,1,1,40,25,1,1,1,1,,,,,,,,,,,,,,,,,,,,,,,,,,,,,,,,,Vignette(low)
429,5a69d77a56585a0001633482,1,1,42,42,1,1,1,1,,,,,,,,,,,,,,,,,,,,,,,,,,,,,,,,,Vignette(high)
616,5f60eb87ae343700080fe6a9,1,1,20,8,1,1,1,1,1,6,65,6,5,2,4,1,2,1,3,1,2,1,1,1,7,1,1,1,1,1,1,1,1,5,1,1,2,1,3,2,Vignette(low)
1055,5eaecb0824839e59ed3523eb,1,1,36,17,1,1,1,1,0,2,85,0,2,6,2,1,2,1,5,2,6,7,3,7,6,5,1,1,2,2,1,1,6,7,2,2,2,2,1,4,Vignette(high)
